,index,Discussion_translated,label_Automotive,label_Automotive>Auto Body Styles,label_Automotive>Auto Body Styles>Off-Road Vehicles,label_Automotive>Auto Body Styles>SUV,label_Automotive>Auto Body Styles>Sedan,label_Automotive>Auto Body Styles>Van,label_Automotive>Auto Buying and Selling,label_Automotive>Auto Insurance,label_Automotive>Auto Parts,label_Automotive>Auto Rentals,label_Automotive>Auto Repair,label_Automotive>Auto Safety,label_Automotive>Auto Shows,label_Automotive>Auto Technology,label_Automotive>Auto Type>Classic Cars,label_Automotive>Auto Type>Driverless Cars,label_Automotive>Auto Type>Green Vehicles,label_Automotive>Car Culture,label_Automotive>Motorcycles,label_Automotive>Scooters,label_Books and Literature,label_Books and Literature>Art and Photography Books,label_Books and Literature>Children's Literature,label_Books and Literature>Poetry,label_Books and Literature>Travel Books,label_Business And Finance>Business>Consumer Issues>Recalls,label_Business And Finance>Business>Executive Leadership & Management,label_Business And Finance>Business>Government Business,label_Business And Finance>Business>Green Solutions,label_Business and Finance,label_Business and Finance>Business,label_Business and Finance>Business>Business Accounting & Finance,label_Business and Finance>Business>Business Administration,label_Business and Finance>Business>Business Banking & Finance>Angel Investment,label_Business and Finance>Business>Business Banking & Finance>Bankruptcy,label_Business and Finance>Business>Business Operations,label_Business and Finance>Business>Human Resources,label_Business and Finance>Business>Large Business,label_Business and Finance>Business>Logistics,label_Business and Finance>Business>Marketing and Advertising,label_Business and Finance>Business>Sales,label_Business and Finance>Business>Startups,label_Business and Finance>Economy>Commodities,label_Business and Finance>Economy>Currencies,label_Business and Finance>Economy>Housing Market,label_Business and Finance>Industries,label_Business and Finance>Industries>Advertising Industry,label_Business and Finance>Industries>Agriculture,label_Business and Finance>Industries>Apparel Industry,label_Business and Finance>Industries>Automotive Industry,label_Business and Finance>Industries>Aviation Industry,label_Business and Finance>Industries>Biotech and Biomedical Industry,label_Business and Finance>Industries>Civil Engineering Industry,label_Business and Finance>Industries>Construction Industry,label_Business and Finance>Industries>Defense Industry,label_Business and Finance>Industries>Education industry,label_Business and Finance>Industries>Entertainment Industry,label_Business and Finance>Industries>Financial Industry,label_Business and Finance>Industries>Food Industry,label_Business and Finance>Industries>Healthcare Industry,label_Business and Finance>Industries>Hospitality Industry,label_Business and Finance>Industries>Legal Services Industry,label_Business and Finance>Industries>Logistics and Transportation Industry,label_Business and Finance>Industries>Management Consulting Industry,label_Business and Finance>Industries>Manufacturing Industry,label_Business and Finance>Industries>Mechanical and Industrial Engineering Industry,label_Business and Finance>Industries>Media Industry,label_Business and Finance>Industries>Pharmaceutical Industry,label_Business and Finance>Industries>Power and Energy Industry,label_Business and Finance>Industries>Publishing Industry,label_Business and Finance>Industries>Retail Industry,label_Business and Finance>Industries>Technology Industry,label_Business and Finance>Industries>Telecommunications Industry,label_Careers,label_Careers>Apprenticeships,label_Careers>Career Planning,label_Careers>Job Search,label_Education,label_Education>College Education,label_Education>College Education>Postgraduate Education,label_Education>College Education>Postgraduate Education>Professional School,label_Education>Early Childhood Education,label_Education>Educational Assessment>Standardized Testing,label_Education>Homeschooling,label_Education>Homework and Study,label_Education>Language Learning,label_Education>Primary Education,label_Education>Private School,label_Education>Secondary Education,label_Events and Attractions,label_Events and Attractions>Amusement and Theme Parks,label_Events and Attractions>Bars & Restaurants,label_Events and Attractions>Business Expos & Conferences,label_Events and Attractions>Casinos & Gambling,label_Events and Attractions>Cinemas and Events,label_Events and Attractions>Concerts & Music Events,label_Events and Attractions>Malls & Shopping Centers,label_Events and Attractions>Museums & Galleries,label_Events and Attractions>Musicals,label_Events and Attractions>National & Civic Holidays,label_Events and Attractions>Nightclubs,label_Events and Attractions>Outdoor Activities,label_Events and Attractions>Personal Celebrations and Life Events>Anniversary,label_Events and Attractions>Personal Celebrations and Life Events>Birthday,label_Events and Attractions>Personal Celebrations and Life Events>Funeral,label_Events and Attractions>Personal Celebrations and Life Events>Graduation,label_Events and Attractions>Personal Celebrations and Life Events>Prom,label_Events and Attractions>Personal Celebrations and Life Events>Wedding,label_Events and Attractions>Political Event,label_Events and Attractions>Sporting Events,label_Events and Attractions>Theater Venues and Events,label_Events and Attractions>Zoos & Aquariums,label_Family and Relationships,label_Family and Relationships>Dating,label_Family and Relationships>Marriage and Civil Unions,label_Family and Relationships>Parenting,label_Family and Relationships>Parenting>Adoption and Fostering,label_Family and Relationships>Parenting>Daycare and Pre-School,label_Family and Relationships>Parenting>Parenting Babies and Toddlers,label_Family and Relationships>Parenting>Parenting Children Aged 4-11,label_Family and Relationships>Single Life,label_Fine Art,label_Fine Art>Dance,label_Fine Art>Fine Art Photography,label_Fine Art>Modern Art,label_Fine Art>Opera,label_Fine Art>Theater,label_Food & Drink,label_Food & Drink>Alcoholic Beverages,label_Food & Drink>Barbecues and Grilling,label_Food & Drink>Cooking,label_Food & Drink>Desserts and Baking,label_Food & Drink>Dining Out,label_Food & Drink>Healthy Cooking and Eating,label_Food & Drink>Non-Alcoholic Beverages,label_Food & Drink>Vegetarian Diets,label_Food & Drink>World Cuisines,label_Healthy Living,label_Healthy Living>Children's Health,label_Healthy Living>Fitness and Exercise,label_Healthy Living>Fitness and Exercise>Running and Jogging,label_Healthy Living>Nutrition,label_Healthy Living>Weight Loss,label_Healthy Living>Wellness,label_Healthy Living>Women's Health,label_Hobbies & Interests,label_Hobbies & Interests>Antiquing and Antiques,label_Hobbies & Interests>Arts and Crafts,label_Hobbies & Interests>Arts and Crafts>Drawing and Sketching,label_Hobbies & Interests>Arts and Crafts>Needlework,label_Hobbies & Interests>Arts and Crafts>Painting,label_Hobbies & Interests>Arts and Crafts>Photography,label_Hobbies & Interests>Arts and Crafts>Scrapbooking,label_Hobbies & Interests>Arts and Crafts>Woodworking,label_Hobbies & Interests>Birdwatching,label_Hobbies & Interests>Cigars,label_Hobbies & Interests>Collecting,label_Hobbies & Interests>Content Production>Video Production,label_Hobbies & Interests>Games and Puzzles,label_Hobbies & Interests>Games and Puzzles>Board Games and Puzzles,label_Hobbies & Interests>Games and Puzzles>Card Games,label_Hobbies & Interests>Games and Puzzles>Roleplaying Games,label_Hobbies & Interests>Genealogy and Ancestry,label_Hobbies & Interests>Musical Instruments,label_Hobbies & Interests>Radio Control,label_Hobbies & Interests>Sci-fi and Fantasy,label_Hobbies & Interests>Workshops and Classes,label_Home & Garden,label_Home & Garden>Gardening,label_Home & Garden>Home Appliances,label_Home & Garden>Home Entertaining,label_Home & Garden>Home Improvement,label_Home & Garden>Interior Decorating,label_Home & Garden>Landscaping,label_Medical Health,label_Medical Health>Diseases and Conditions,label_Medical Health>Diseases and Conditions>Allergies,label_Medical Health>Diseases and Conditions>Blood Disorders,label_Medical Health>Diseases and Conditions>Brain and Nervous System Disorders,label_Medical Health>Diseases and Conditions>Cancer,label_Medical Health>Diseases and Conditions>Cold and Flu,label_Medical Health>Diseases and Conditions>Dental Health,label_Medical Health>Diseases and Conditions>Digestive Disorders,label_Medical Health>Diseases and Conditions>Infectious Diseases,label_Medical Health>Diseases and Conditions>Injuries,label_Medical Health>Diseases and Conditions>Injuries>First Aid,label_Medical Health>Diseases and Conditions>Lung and Respiratory Health,label_Medical Health>Diseases and Conditions>Mental Health,label_Medical Health>Diseases and Conditions>Reproductive Health,label_Medical Health>Diseases and Conditions>Sexual Health,label_Medical Health>Diseases and Conditions>Sleep Disorders,label_Medical Health>Pharmaceutical Drugs,label_Medical Health>Surgery,label_Medical Health>Vaccines,label_Movies,label_Movies>World Movies,label_Music and Audio,label_Music and Audio>Children's Music,label_Music and Audio>Classical Music,label_Music and Audio>Dance and Electronic Music,label_Music and Audio>World/International Music,label_News and Politics,label_News and Politics>Crime,label_News and Politics>Disasters,label_News and Politics>International News,label_News and Politics>Law,label_News and Politics>Local News,label_News and Politics>National News,label_News and Politics>Politics,label_News and Politics>Politics>Elections,label_News and Politics>Politics>Political Issues,label_News and Politics>Politics>War and Conflicts,label_News and Politics>Weather,label_Personal Finance>Financial Assistance>Government Support and Welfare,label_Personal Finance>Home Utilities>Water Services,label_Personal Finance>Insurance,label_Personal Finance>Insurance>Health Insurance,label_Personal Finance>Insurance>Motor Insurance,label_Personal Finance>Insurance>Travel Insurance,label_Personal Finance>Personal Debt,label_Personal Finance>Personal Debt>Credit Cards,label_Personal Finance>Personal Debt>Home Financing,label_Personal Finance>Personal Investing,label_Personal Finance>Personal Investing>Hedge Funds,label_Pets,label_Pets>Cats,label_Pets>Dogs,label_Pets>Large Animals,label_Pets>Pet Supplies,label_Pets>Reptiles,label_Pets>Veterinary Medicine,label_Pop Culture,label_Pop Culture>Celebrity Families,label_Pop Culture>Celebrity Scandal,label_Real Estate,label_Real Estate>Apartments,label_Real Estate>Developmental Sites,label_Real Estate>Land and Farms,label_Real Estate>Real Estate Buying and Selling,label_Religion & Spirituality,label_Religion & Spirituality>Buddhism,label_Religion & Spirituality>Christianity,label_Religion & Spirituality>Hinduism,label_Religion & Spirituality>Islam,label_Religion & Spirituality>Judaism,label_Science,label_Science>Biological Sciences,label_Science>Chemistry,label_Science>Environment,label_Science>Genetics,label_Science>Geography,label_Science>Geology,label_Science>Physics,label_Science>Space and Astronomy,label_Shopping,label_Shopping>Coupons and Discounts,label_Shopping>Flower Shopping,label_Shopping>Gifts and Greetings Cards,label_Shopping>Grocery Shopping,label_Shopping>Holiday Shopping,label_Shopping>Sales and Promotions,label_Sports,label_Sports>Auto Racing,label_Sports>Badminton,label_Sports>Basketball,label_Sports>Bodybuilding,label_Sports>Bowling,label_Sports>Boxing,label_Sports>College Sports,label_Sports>Cycling,label_Sports>Diving,label_Sports>Equine Sports,label_Sports>Equine Sports>Horse Racing,label_Sports>Extreme Sports>Canoeing and Kayaking,label_Sports>Extreme Sports>Climbing,label_Sports>Extreme Sports>Scuba Diving,label_Sports>Extreme Sports>Skateboarding,label_Sports>Extreme Sports>Surfing and Bodyboarding,label_Sports>Extreme Sports>Waterskiing and Wakeboarding,label_Sports>Figure Skating,label_Sports>Fishing Sports,label_Sports>Golf,label_Sports>Gymnastics,label_Sports>Hunting and Shooting,label_Sports>Ice Hockey,label_Sports>Martial Arts,label_Sports>Olympic Sports,label_Sports>Poker and Professional Gambling,label_Sports>Rowing,label_Sports>Skiing,label_Sports>Soccer,label_Sports>Swimming,label_Sports>Table Tennis,label_Sports>Tennis,label_Sports>Track and Field,label_Sports>Volleyball,label_Style & Fashion,label_Style & Fashion>Beauty,label_Style & Fashion>Beauty>Hair Care,label_Style & Fashion>Beauty>Makeup and Accessories,label_Style & Fashion>Beauty>Natural and Organic Beauty,label_Style & Fashion>Beauty>Perfume and Fragrance,label_Style & Fashion>Beauty>Skin Care,label_Style & Fashion>Designer Clothing,label_Style & Fashion>High Fashion,label_Style & Fashion>Men's Fashion>Men's Accessories,label_Style & Fashion>Men's Fashion>Men's Accessories>Men's Jewellery and Watches,label_Style & Fashion>Men's Fashion>Men's Clothing,label_Style & Fashion>Personal Care>Bath and Shower,label_Style & Fashion>Personal Care>Shaving,label_Style & Fashion>Women's Fashion,label_Style & Fashion>Women's Fashion>Women's Accessories,label_Style & Fashion>Women's Fashion>Women's Accessories>Women's Jewellery and Watches,label_Style & Fashion>Women's Fashion>Women's Clothing>Women's Intimates and Sleepwear,label_Technology & Computing,label_Technology & Computing>Artificial Intelligence,label_Technology & Computing>Augmented Reality,label_Technology & Computing>Computing,label_Technology & Computing>Computing>Computer Peripherals,label_Technology & Computing>Computing>Computer Software and Applications>Browsers,label_Technology & Computing>Computing>Computer Software and Applications>Digital Audio,label_Technology & Computing>Computing>Computer Software and Applications>Operating Systems,label_Technology & Computing>Computing>Computer Software and Applications>Video Software,label_Technology & Computing>Computing>Computer Software and Applications>Web Conferencing,label_Technology & Computing>Computing>Desktops,label_Technology & Computing>Computing>Information and Network Security,label_Technology & Computing>Computing>Internet,label_Technology & Computing>Computing>Internet>Cloud Computing,label_Technology & Computing>Computing>Internet>Search,label_Technology & Computing>Computing>Internet>Social Networking,label_Technology & Computing>Computing>Programming Languages,label_Technology & Computing>Consumer Electronics,label_Technology & Computing>Consumer Electronics>Cameras and Camcorders,label_Technology & Computing>Consumer Electronics>Smartphones,label_Technology & Computing>Consumer Electronics>Tablets and E-readers,label_Technology & Computing>Robotics,label_Technology & Computing>Virtual Reality,label_Television,label_Television>Animation TV,label_Television>Drama TV,label_Television>Factual TV,label_Television>Music TV,label_Travel,label_Travel>Travel Accessories,label_Travel>Travel Locations,label_Travel>Travel Locations>Africa Travel,label_Travel>Travel Locations>Asia Travel,label_Travel>Travel Locations>Australia and Oceania Travel,label_Travel>Travel Locations>Europe Travel,label_Travel>Travel Locations>North America Travel,label_Travel>Travel Locations>Polar Travel,label_Travel>Travel Locations>South America Travel,label_Travel>Travel Preparation and Advice,label_Travel>Travel Type,label_Travel>Travel Type>Adventure Travel,label_Travel>Travel Type>Air Travel,label_Travel>Travel Type>Bed & Breakfasts,label_Travel>Travel Type>Budget Travel,label_Travel>Travel Type>Business Travel,label_Travel>Travel Type>Camping,label_Travel>Travel Type>Cruises,label_Travel>Travel Type>Day Trips,label_Travel>Travel Type>Family Travel,label_Travel>Travel Type>Honeymoons and Getaways,label_Travel>Travel Type>Hotels and Motels,label_Travel>Travel Type>Rail Travel,label_Travel>Travel Type>Road Trips,label_Travel>Travel Type>Spas,label_Video Gaming,label_Video Gaming>Video Game Genres>Adventure Video Games,label_Video Gaming>Video Game Genres>Casual Games,label_Video Gaming>Video Game Genres>MMOs,label_Video Gaming>Video Game Genres>Role-Playing Video Games,relevance,Source_URL,Country,User_loc,Translated_discussion,Discussion_cleaned
0,42,"[China's Embassy in Australia is to avoid transit to China reminded] First, currently, the global new crown pneumonia epidemic is still very serious, international travel cross-infection risk, it is recommended that you ""not necessary, do not travel"".
 If you do not have the need to go to China, please be sure to fly from your country, take a direct flight to China.
 China's embassies and consulates will no longer issue green health code or health statums (not???",0,0.0,0,0,0.0,0.0,0,0.0,0,0,0.0,0.0,0.0,0.0,0,0,0.0,0,0,0.0,0,0.0,0,0,0,0,0.0,0.0,0.0,0,0,0,0,0.0,0,0.0,0,0.0,0,0,0,0.0,0,0,0.0,0,0.0,0,0,0,0,0.0,0,0,0.0,0,0,0.0,0,0.0,0,0,0,0.0,0.0,0.0,0.0,0,0,0,0,0,0,0,0.0,0.0,0.0,0,0,0.0,0.0,0,0,0.0,0,0,0.0,0.0,0,0,0,0,0.0,0.0,0.0,0,0,0,0.0,0,0,0,0.0,0.0,0.0,0.0,0.0,0,0.0,0,0.0,0,0,0,0,0,0.0,0,0,0,0.0,0,0,0,0.0,0.0,0,0,0,0,0,0,0,0.0,0,0.0,0,0,0.0,0,0,0,0.0,0,0,0,0,0,0.0,0.0,0,0,0.0,0.0,0.0,0.0,0,0,0,0,0,0.0,0,0,0.0,0.0,0,0,0,0,0.0,0,0.0,0.0,0,50,0.0,0,0,0.0,0,0.0,0,0,0.0,0.0,0.0,0,0,0,0,0,0.0,0,0,0,0,0.0,0.0,0.0,0.0,0,0,0,0,0,0.0,0,200,0.0,0,0,0,0,0.0,0,0.0,0.0,0.0,0,0.0,0.0,0.0,0.0,0,0,0,0,0.0,0.0,0.0,0,0.0,0.0,0.0,0,0,0.0,0,0,0,0,0.0,0.0,0.0,0,0,0,50,0.0,0,0,0,0,0,0,0,0.0,0.0,0.0,0.0,0,0,0.0,0,0.0,0.0,0.0,0.0,0,0,0,0.0,0,0,0.0,0,0,0.0,0.0,0,0.0,0.0,0.0,0.0,0,0,0.0,0,0,0,0,0.0,0.0,0.0,0.0,0,0,0,0,0,0,0,0,0.0,0,0.0,0.0,0.0,0.0,0.0,0.0,0,0.0,0,0,0,0,0,0.0,0,0.0,0.0,0.0,0,0.0,0,0.0,0,0,0,0,0,0,0,0.0,0.0,0,0.0,0,0,0.0,0,0,0,0,50,0,0,0,0.0,0.0,0,0,0.0,50,0.0,0,0,0,0.0,0.0,0,0,0,0,0,0.0,0,0.0,0.0,0.0,0.0,30000,http://weibo.com/3951510695/K2DZ1BDrZ,CN,CN,"[china's embassy in australia is to avoid transit to china reminded] first, currently, the global new crown pneumonia epidemic is still very serious, international travel cross-infection risk, it is recommended that you ""not necessary, do not travel"".
 if you do not have the need to go to china, please be sure to fly from your country, take a direct flight to china.
 china's embassies and consulates will no longer issue green health code or health statums (not???","['chinas', 'embassy', 'australia', 'avoid', 'transit', 'china', 'remind', 'global', 'new', 'crown', 'pneumonia', 'epidemic', 'serious', 'international', 'travel', 'cross', 'infection', 'risk', 'recommend', 'necessary', 'travel', 'china', 'fly', 'country', 'direct', 'flight', 'china', 'chinas', 'embassies', 'consulates', 'longer', 'green', 'health', 'code', 'health', 'statums']"
1,695,"[# Belgium Airways will suspend Caribbean flights to March #] According to Simple Flying report, Belgian Airlines recently announced that the aviation business in its Caribbean is until March until March.
 Previously, the Belgian government announced that international travel is prohibited from March 1 to prevent the epidemic in mid-February.
 Belgian Airlines This suspension of the Caribbean area is also in response to government directives.
 Based on the situation, Belgian Airways will re-adjust the relevant programs on March 1.",0,0.0,0,0,0.0,0.0,0,0.0,0,0,0.0,0.0,0.0,0.0,0,0,0.0,0,0,0.0,0,0.0,0,0,0,0,0.0,0.0,0.0,0,0,0,0,0.0,0,0.0,0,0.0,0,0,0,0.0,0,0,0.0,0,0.0,0,0,0,200,0.0,0,0,0.0,0,0,0.0,0,0.0,0,0,200,0.0,0.0,0.0,0.0,0,0,0,0,0,0,0,0.0,0.0,0.0,0,0,0.0,0.0,0,0,0.0,0,0,0.0,0.0,0,0,0,0,0.0,0.0,0.0,0,0,0,0.0,0,0,0,0.0,0.0,0.0,0.0,0.0,0,0.0,0,0.0,0,0,0,0,0,0.0,0,0,0,0.0,0,0,0,0.0,0.0,0,0,0,0,0,0,0,0.0,0,0.0,0,0,0.0,0,0,0,0.0,0,0,0,0,0,0.0,0.0,0,0,0.0,0.0,0.0,0.0,0,0,0,0,0,0.0,0,0,0.0,0.0,0,0,0,0,0.0,0,0.0,0.0,0,50,0.0,0,0,0.0,0,0.0,0,0,0.0,0.0,0.0,0,0,0,0,0,0.0,0,0,0,0,0.0,0.0,0.0,0.0,0,0,0,0,0,0.0,0,0,0.0,0,0,0,0,0.0,0,0.0,0.0,0.0,0,0.0,0.0,0.0,0.0,0,0,0,0,0.0,0.0,0.0,0,0.0,0.0,0.0,0,0,0.0,0,0,0,0,0.0,0.0,0.0,0,0,0,0,0.0,0,0,0,0,0,0,0,0.0,0.0,0.0,0.0,0,0,0.0,0,0.0,0.0,0.0,0.0,0,0,0,0.0,0,0,0.0,0,0,0.0,0.0,0,0.0,0.0,0.0,0.0,0,0,0.0,0,0,0,0,0.0,0.0,0.0,0.0,0,0,0,0,0,0,0,0,0.0,0,0.0,0.0,0.0,0.0,0.0,0.0,0,0.0,0,0,0,0,0,0.0,0,0.0,0.0,0.0,0,0.0,0,0.0,0,0,0,0,0,0,0,0.0,0.0,0,0.0,0,0,0.0,0,0,0,0,0,0,50,0,0.0,0.0,0,0,0.0,50,0.0,0,0,0,0.0,0.0,0,0,0,0,0,0.0,0,0.0,0.0,0.0,0.0,47500,http://weibo.com/2109885920/JEOiHtY8x,CN,CN,"[# belgium airways will suspend caribbean flights to march #] according to simple flying report, belgian airlines recently announced that the aviation business in its caribbean is until march until march.
 previously, the belgian government announced that international travel is prohibited from march 1 to prevent the epidemic in mid-february.
 belgian airlines this suspension of the caribbean area is also in response to government directives.
 based on the situation, belgian airways will re-adjust the relevant programs on march 1.","['belgium', 'airways', 'suspend', 'caribbean', 'flight', 'march', 'accord', 'simple', 'fly', 'report', 'belgian', 'airlines', 'recently', 'announce', 'aviation', 'business', 'caribbean', 'march', 'march', 'previously', 'belgian', 'government', 'announce', 'international', 'travel', 'prohibit', 'march', '1', 'prevent', 'epidemic', 'mid', 'february', 'belgian', 'airlines', 'suspension', 'caribbean', 'area', 'response', 'government', 'directives', 'base', 'situation', 'belgian', 'airways', 'adjust', 'relevant', 'program', 'march', '1']"
2,866,"The Business Class is mainly guaranteed in a short trip.
 If the flight is canceled, the business class passengers will be prioritized (!) To the appropriate (!) Flight.
 If it is an economy class, a big probability, the flight cancel will be refunded, or will be free to change to other flights.",0,0.0,0,0,0.0,0.0,0,0.0,0,0,0.0,0.0,0.0,0.0,0,0,0.0,0,0,0.0,0,0.0,0,0,0,0,0.0,0.0,0.0,100,0,0,0,0.0,0,0.0,0,0.0,0,0,0,0.0,0,0,0.0,0,0.0,0,0,0,0,0.0,0,0,0.0,0,0,0.0,0,0.0,0,0,0,0.0,0.0,0.0,0.0,0,0,0,0,0,0,0,0.0,0.0,0.0,0,0,0.0,0.0,0,0,0.0,0,0,0.0,0.0,0,0,0,0,0.0,0.0,0.0,0,0,0,0.0,0,0,0,0.0,0.0,0.0,0.0,0.0,0,0.0,0,0.0,0,0,0,0,0,0.0,0,0,0,0.0,0,0,0,0.0,0.0,0,0,0,0,0,0,0,0.0,0,0.0,0,0,0.0,0,0,0,0.0,0,0,0,0,0,0.0,0.0,0,0,0.0,0.0,0.0,0.0,0,0,0,0,0,0.0,0,0,0.0,0.0,0,0,0,0,0.0,0,0.0,0.0,0,0,0.0,0,0,0.0,0,0.0,0,0,0.0,0.0,0.0,0,0,0,0,0,0.0,0,0,0,0,0.0,0.0,0.0,0.0,0,0,0,0,0,0.0,0,0,0.0,0,0,0,0,0.0,0,0.0,0.0,0.0,0,0.0,0.0,0.0,0.0,0,0,0,0,0.0,0.0,0.0,0,0.0,0.0,0.0,0,0,0.0,0,0,0,0,0.0,0.0,0.0,0,0,0,100,0.0,0,0,0,0,0,0,0,0.0,0.0,0.0,0.0,0,0,0.0,0,0.0,0.0,0.0,0.0,0,0,0,0.0,0,0,0.0,0,0,0.0,0.0,0,0.0,0.0,0.0,0.0,0,0,0.0,0,0,0,0,0.0,0.0,0.0,0.0,0,0,0,0,0,0,0,0,0.0,0,0.0,0.0,0.0,0.0,0.0,0.0,0,0.0,0,0,0,0,0,0.0,0,0.0,0.0,0.0,0,0.0,0,0.0,0,0,0,0,0,0,0,0.0,0.0,0,0.0,0,0,0.0,0,0,0,0,0,0,0,0,0.0,0.0,0,0,0.0,0,0.0,0,100,0,0.0,0.0,0,0,0,0,0,0.0,0,0.0,0.0,0.0,0.0,30000,http://weibo.com/2508954022/Kc5JHqZXD,CN,CN,"the business class is mainly guaranteed in a short trip.
 if the flight is canceled, the business class passengers will be prioritized (!) to the appropriate (!) flight.
 if it is an economy class, a big probability, the flight cancel will be refunded, or will be free to change to other flights.","['business', 'class', 'mainly', 'guarantee', 'short', 'trip', 'flight', 'cancel', 'business', 'class', 'passengers', 'prioritize', 'appropriate', 'flight', 'economy', 'class', 'big', 'probability', 'flight', 'cancel', 'refund', 'free', 'flight']"
3,1985,"[""Children are not dead, come to shop""?
 Xishuangbanna involved tour guide and travel agencies were hanged] For tour guides, ""children are not dead, they will go in to shop"", Xishuangbanna Tourism Market Order Remediation Leading Group Office reported on April 29th, the Xishuangbanna Shuangbanna
 Journey International Travel Service Co., Ltd., the administrative penalty of the travel agency business license is revoked, and the direct responsible person is a fine of 20,000 yuan. It is a fine of 20,000 yuan for Kunming Huizhong Guide Management Service Company.
 Its tour guide.
 http: t.cn/a6Cehyxh",0,0.0,0,0,0.0,0.0,0,0.0,0,0,0.0,0.0,0.0,0.0,0,0,0.0,0,0,0.0,0,0.0,0,0,0,0,0.0,0.0,0.0,0,0,0,0,0.0,0,0.0,0,0.0,0,0,0,0.0,0,0,0.0,50,0.0,0,0,0,0,0.0,0,0,0.0,0,0,0.0,0,0.0,0,0,0,0.0,0.0,0.0,0.0,0,0,0,0,0,0,0,0.0,0.0,0.0,0,0,0.0,0.0,0,0,0.0,0,0,0.0,0.0,0,0,0,0,0.0,0.0,0.0,0,0,0,0.0,0,0,0,0.0,0.0,0.0,0.0,0.0,0,0.0,0,0.0,0,0,0,0,0,0.0,0,0,0,0.0,0,0,0,0.0,0.0,0,0,0,0,0,0,0,0.0,0,0.0,0,0,0.0,0,0,0,0.0,0,0,0,0,0,0.0,0.0,0,0,0.0,0.0,0.0,0.0,0,0,0,0,0,0.0,0,0,0.0,0.0,0,0,0,0,0.0,0,0.0,0.0,0,0,0.0,0,0,0.0,0,0.0,0,0,0.0,0.0,0.0,0,0,0,0,0,0.0,0,0,0,0,0.0,0.0,0.0,0.0,0,200,0,0,0,0.0,0,0,0.0,0,0,0,0,0.0,0,0.0,0.0,0.0,0,0.0,0.0,0.0,0.0,0,0,0,0,0.0,0.0,0.0,0,0.0,0.0,0.0,0,0,0.0,0,0,0,0,0.0,0.0,0.0,0,0,0,0,0.0,0,0,0,0,0,0,0,0.0,0.0,0.0,0.0,0,0,0.0,0,0.0,0.0,0.0,0.0,0,0,0,0.0,0,0,0.0,0,0,0.0,0.0,0,0.0,0.0,0.0,0.0,0,0,0.0,0,0,0,0,0.0,0.0,0.0,0.0,0,0,0,0,0,0,0,0,0.0,0,0.0,0.0,0.0,0.0,0.0,0.0,0,0.0,0,0,0,0,0,0.0,0,0.0,0.0,0.0,0,0.0,0,0.0,0,0,0,0,0,0,0,0.0,0.0,0,0.0,0,0,0.0,0,0,0,0,0,0,0,0,0.0,0.0,0,0,0.0,0,0.0,0,50,0,0.0,0.0,0,0,0,0,0,0.0,0,0.0,0.0,0.0,0.0,25000,http://weibo.com/2806170583/KdaEgtdD8,CN,CN,"[""children are not dead, come to shop""?
 xishuangbanna involved tour guide and travel agencies were hanged] for tour guides, ""children are not dead, they will go in to shop"", xishuangbanna tourism market order remediation leading group office reported on april 29th, the xishuangbanna shuangbanna
 journey international travel service co., ltd., the administrative penalty of the travel agency business license is revoked, and the direct responsible person is a fine of 20,000 yuan. it is a fine of 20,000 yuan for kunming huizhong guide management service company.
 its tour guide.
 http: t.cn/a6cehyxh","['children', 'dead', 'shop', 'xishuangbanna', 'involve', 'tour', 'guide', 'travel', 'agencies', 'hang', 'tour', 'guide', 'children', 'dead', 'shop', 'xishuangbanna', 'tourism', 'market', 'order', 'remediation', 'lead', 'group', 'office', 'report', 'april', '29th', 'xishuangbanna', 'shuangbanna', 'journey', 'international', 'travel', 'service', 'co', 'ltd', 'administrative', 'penalty', 'travel', 'agency', 'business', 'license', 'revoke', 'direct', 'responsible', 'person', 'fine', '20000', 'yuan', 'fine', '20000', 'yuan', 'kunming', 'huizhong', 'guide', 'management', 'service', 'company', 'tour', 'guide', 'a6cehyxh']"
4,3639,"# 林 旅游 # # (000978) Vice President Yulin said that from the perspective of ""big health + tourism"", the company is studying, exploring the new layout of large health industries.
 Guilin Tourism is mainly engaged in travel services and travel services. The main business includes: cruise passenger transport, scenic tourist business, hotel, highway travel passenger, taxi business.
 # 今 看 盘 ## [超 话] ## 旅游 [超 话] ## 林 旅游游 # #???",0,0.0,0,0,0.0,0.0,0,0.0,0,0,0.0,0.0,0.0,0.0,0,0,0.0,0,0,0.0,0,0.0,0,0,0,0,0.0,0.0,0.0,0,0,0,0,0.0,0,0.0,0,0.0,0,0,0,0.0,0,0,0.0,0,0.0,0,0,0,0,0.0,0,0,0.0,0,0,0.0,0,100.0,0,0,0,0.0,0.0,0.0,0.0,0,0,0,0,0,0,0,0.0,0.0,0.0,0,0,0.0,0.0,0,0,0.0,0,0,0.0,0.0,0,0,0,0,0.0,0.0,0.0,0,0,0,0.0,0,0,0,0.0,0.0,0.0,0.0,0.0,0,0.0,0,0.0,0,0,0,0,0,0.0,0,0,0,0.0,0,0,0,0.0,0.0,0,0,0,0,0,0,0,0.0,0,0.0,0,0,0.0,0,0,0,0.0,0,0,0,0,0,0.0,0.0,0,0,0.0,0.0,0.0,0.0,0,0,0,0,0,0.0,0,0,0.0,0.0,0,0,0,0,0.0,0,0.0,0.0,100,0,0.0,0,0,0.0,0,0.0,0,0,0.0,0.0,0.0,0,0,0,0,0,0.0,0,0,0,0,0.0,0.0,0.0,0.0,0,0,0,0,0,0.0,0,100,0.0,0,0,0,0,0.0,0,0.0,0.0,0.0,0,0.0,0.0,0.0,0.0,0,0,0,0,0.0,0.0,0.0,0,0.0,0.0,0.0,0,0,0.0,0,0,0,0,0.0,0.0,0.0,0,0,0,0,0.0,0,0,0,0,0,0,0,0.0,0.0,0.0,0.0,0,0,0.0,0,0.0,0.0,0.0,0.0,0,0,0,0.0,0,0,0.0,0,0,0.0,0.0,0,0.0,0.0,0.0,0.0,0,0,0.0,0,0,0,0,0.0,0.0,0.0,0.0,0,0,0,0,0,0,0,0,0.0,0,0.0,0.0,0.0,0.0,0.0,0.0,0,0.0,0,0,0,0,0,0.0,0,0.0,0.0,0.0,0,0.0,0,0.0,0,0,0,0,0,0,0,0.0,0.0,0,0.0,0,0,0.0,0,0,0,0,0,0,0,0,0.0,0.0,0,0,0.0,0,0.0,0,100,0,100.0,0.0,0,0,100,0,0,0.0,0,0.0,0.0,0.0,0.0,60000,http://weibo.com/6057057683/KoRLvs1UV,CN,CN,"# 林 旅游 # # (000978) vice president yulin said that from the perspective of ""big health + tourism"", the company is studying, exploring the new layout of large health industries.
 guilin tourism is mainly engaged in travel services and travel services. the main business includes: cruise passenger transport, scenic tourist business, hotel, highway travel passenger, taxi business.
 # 今 看 盘 ## [超 话] ## 旅游 [超 话] ## 林 旅游游 # #???","['林', '000978', 'vice', 'president', 'yulin', 'perspective', 'big', 'health', 'tourism', 'company', 'study', 'explore', 'new', 'layout', 'large', 'health', 'industries', 'guilin', 'tourism', 'mainly', 'engage', 'travel', 'service', 'travel', 'service', 'main', 'business', 'include', 'cruise', 'passenger', 'transport', 'scenic', 'tourist', 'business', 'hotel', 'highway', 'travel', 'passenger', 'taxi', 'business', '今', '看', '盘', '林']"
5,3996,"@ 张慧林: [Surprised] // @ 农夫 山 有 点: It is not related to the airline, it is the problem of Xiaobian, the full text should be, this flight passenger 6.10 entry isolation, 6.11 report 3 cases of no symptoms +1
 Example diagnosis, 6.14 report 3 cases of diagnosis (plus infected an example of airport prevention and control staff), 6.15 Report 12 cases of symptom +13 cases were diagnosed.
 Therefore, there is only one case in this flight to land, after a week of observation, spread to 32 people.",0,0.0,0,0,0.0,0.0,0,0.0,0,0,0.0,0.0,0.0,0.0,0,0,0.0,0,0,0.0,0,0.0,0,0,0,0,0.0,0.0,0.0,0,0,0,0,0.0,0,0.0,100,0.0,0,0,0,0.0,0,0,0.0,0,0.0,0,0,0,100,0.0,0,100,0.0,0,0,0.0,0,0.0,0,0,0,0.0,0.0,0.0,0.0,0,0,0,0,0,0,0,0.0,0.0,0.0,0,0,0.0,0.0,0,0,0.0,0,0,0.0,0.0,0,0,0,0,0.0,0.0,0.0,0,0,0,0.0,0,0,0,0.0,0.0,0.0,0.0,0.0,0,0.0,0,0.0,0,0,0,0,0,0.0,0,0,0,0.0,0,0,0,0.0,0.0,0,0,0,0,0,0,0,0.0,0,0.0,0,0,0.0,0,0,0,0.0,0,0,0,0,0,0.0,0.0,0,0,0.0,0.0,0.0,0.0,0,0,0,0,0,0.0,0,0,0.0,0.0,0,0,0,0,0.0,0,0.0,0.0,0,0,0.0,0,0,0.0,0,0.0,0,0,0.0,0.0,0.0,0,0,0,0,0,0.0,0,0,0,0,0.0,0.0,0.0,0.0,0,0,0,0,0,0.0,0,0,0.0,0,0,0,0,0.0,0,0.0,0.0,0.0,0,0.0,0.0,0.0,0.0,0,0,0,0,0.0,0.0,0.0,0,0.0,0.0,0.0,0,0,0.0,0,0,0,0,0.0,0.0,0.0,0,0,0,0,0.0,0,0,0,0,0,0,0,0.0,0.0,0.0,0.0,0,0,0.0,0,0.0,0.0,0.0,0.0,0,0,0,0.0,0,0,0.0,0,0,0.0,0.0,0,0.0,0.0,0.0,0.0,0,0,0.0,0,0,0,0,0.0,0.0,0.0,0.0,0,0,0,0,0,0,0,0,0.0,0,0.0,0.0,0.0,0.0,0.0,0.0,0,0.0,0,0,0,0,0,0.0,0,0.0,0.0,0.0,0,0.0,0,0.0,0,0,0,0,0,0,0,0.0,0.0,0,0.0,0,0,0.0,0,0,0,0,0,0,0,0,0.0,0.0,0,0,0.0,100,0.0,0,0,0,0.0,0.0,0,0,0,0,0,0.0,0,0.0,0.0,0.0,0.0,40000,http://weibo.com/7508044986/KpAoTiWpP,CN,CN,"@ 张慧林: [surprised] // @ 农夫 山 有 点: it is not related to the airline, it is the problem of xiaobian, the full text should be, this flight passenger 6.10 entry isolation, 6.11 report 3 cases of no symptoms +1
 example diagnosis, 6.14 report 3 cases of diagnosis (plus infected an example of airport prevention and control staff), 6.15 report 12 cases of symptom +13 cases were diagnosed.
 therefore, there is only one case in this flight to land, after a week of observation, spread to 32 people.","['张慧林', 'surprise', '农夫', '有', 'relate', 'airline', 'problem', 'xiaobian', 'full', 'text', 'flight', 'passenger', '610', 'entry', 'isolation', '611', 'report', '3', 'case', 'symptoms', '1', 'example', 'diagnosis', '614', 'report', '3', 'case', 'diagnosis', 'plus', 'infect', 'example', 'airport', 'prevention', 'control', 'staff', '615', 'report', '12', 'case', 'symptom', '13', 'case', 'diagnose', 'therefore', 'one', 'case', 'flight', 'land', 'week', 'observation', 'spread', '32', 'people']"
6,4365,"I will go to the business trip tomorrow, I have been using the tour guide of the tour guide [tears] ???",0,0.0,0,0,0.0,0.0,0,0.0,0,0,0.0,0.0,0.0,0.0,0,0,0.0,0,0,0.0,0,0.0,0,0,0,0,0.0,0.0,0.0,100,0,0,0,0.0,0,0.0,0,0.0,0,0,0,0.0,0,0,0.0,0,0.0,0,0,0,0,0.0,0,0,0.0,0,0,0.0,0,0.0,0,0,0,0.0,0.0,0.0,0.0,0,0,0,0,0,0,0,0.0,0.0,0.0,0,0,0.0,0.0,0,0,0.0,0,0,0.0,0.0,0,0,0,0,0.0,0.0,0.0,0,0,0,0.0,0,0,0,0.0,0.0,0.0,0.0,0.0,0,0.0,0,0.0,0,0,0,0,0,0.0,0,0,0,0.0,0,0,0,0.0,0.0,0,0,0,0,0,0,0,0.0,0,0.0,0,0,0.0,0,0,0,0.0,0,0,0,0,0,0.0,0.0,0,0,0.0,0.0,0.0,0.0,0,0,0,0,0,0.0,0,0,0.0,0.0,0,0,0,0,0.0,0,0.0,0.0,0,0,0.0,0,0,0.0,0,0.0,0,0,0.0,0.0,0.0,0,0,0,0,0,0.0,0,0,0,0,0.0,0.0,0.0,0.0,0,0,0,0,0,0.0,0,0,0.0,0,0,0,0,0.0,0,0.0,0.0,0.0,0,0.0,0.0,0.0,0.0,0,0,0,0,0.0,0.0,0.0,0,0.0,0.0,0.0,0,0,0.0,0,0,0,0,0.0,0.0,0.0,0,0,0,0,0.0,0,0,0,0,0,0,0,0.0,0.0,0.0,0.0,0,0,0.0,0,0.0,0.0,0.0,0.0,0,0,0,0.0,0,0,0.0,0,0,0.0,0.0,0,0.0,0.0,0.0,0.0,0,0,0.0,0,0,0,0,0.0,0.0,0.0,0.0,0,0,0,0,0,0,0,0,0.0,0,0.0,0.0,0.0,0.0,0.0,0.0,0,0.0,0,0,0,0,0,0.0,0,0.0,0.0,0.0,0,0.0,0,0.0,0,0,0,0,0,0,0,0.0,0.0,0,0.0,0,0,0.0,0,0,0,0,0,0,0,0,0.0,0.0,0,0,0.0,0,0.0,0,100,0,0.0,0.0,0,0,0,0,0,0.0,0,0.0,0.0,0.0,0.0,20000,http://weibo.com/7349717697/KdbPLxTlt,CN,CN,"i will go to the business trip tomorrow, i have been using the tour guide of the tour guide [tears] ???","['business', 'trip', 'tomorrow', 'tour', 'guide', 'tour', 'guide', 'tear']"
7,5095,"Yunnan Travel Raiders | Free travel and with group tour you are still unclear?
 Come, a video tells you free line: a ticket fly to the destination, I want to play a few days, I want to play more attractions today, I want to sleep naturally tomorrow, I have made decisions.
 While enjoying freedom, you have to have freedom.
 [丽江 旅游 旅游 种菌 微菌] (http: t.cn/a6fc5fda) # 云南 旅游略 攻 圈 [超 话] # 丽江 旅游 | | Dali Travel Guide | Yunnan Tourist Attractions",0,0.0,0,0,0.0,0.0,0,0.0,0,0,0.0,0.0,0.0,0.0,0,0,0.0,0,0,0.0,0,0.0,0,0,0,0,0.0,0.0,0.0,0,0,0,0,0.0,0,0.0,0,0.0,0,0,0,0.0,0,0,0.0,0,0.0,0,0,0,0,0.0,0,0,0.0,0,0,0.0,0,0.0,0,0,0,0.0,0.0,0.0,0.0,0,0,0,0,0,200,0,0.0,0.0,0.0,0,0,0.0,0.0,0,0,0.0,0,0,0.0,0.0,0,200,0,0,0.0,0.0,0.0,0,0,0,0.0,0,0,0,0.0,0.0,0.0,0.0,0.0,0,0.0,0,0.0,0,0,0,0,0,0.0,0,0,0,0.0,0,0,0,0.0,0.0,0,0,0,0,0,0,0,0.0,0,0.0,0,0,0.0,0,0,0,0.0,0,0,0,0,0,0.0,0.0,0,0,0.0,0.0,0.0,0.0,0,0,0,0,0,0.0,0,0,0.0,0.0,0,0,0,0,0.0,0,0.0,0.0,0,0,0.0,0,0,0.0,0,0.0,0,0,0.0,0.0,0.0,0,0,0,0,0,0.0,0,0,0,0,0.0,0.0,0.0,0.0,0,0,0,0,0,0.0,0,0,0.0,0,0,0,0,0.0,0,0.0,0.0,0.0,0,0.0,0.0,0.0,0.0,0,0,0,0,0.0,0.0,0.0,0,0.0,0.0,0.0,0,0,0.0,0,0,0,0,0.0,0.0,0.0,0,0,0,0,0.0,0,0,0,0,0,0,0,0.0,0.0,0.0,0.0,0,0,0.0,0,0.0,0.0,0.0,0.0,0,0,0,0.0,0,0,0.0,0,0,0.0,0.0,0,0.0,0.0,0.0,0.0,0,0,0.0,0,0,0,0,0.0,0.0,0.0,0.0,0,0,0,0,0,0,0,0,0.0,0,0.0,0.0,0.0,0.0,0.0,0.0,0,0.0,0,0,0,0,0,0.0,0,0.0,0.0,0.0,0,0.0,0,0.0,0,0,0,0,0,0,0,0.0,0.0,0,0.0,0,0,0.0,0,0,0,0,0,0,50,0,0.0,0.0,0,0,0.0,50,0.0,0,0,0,0.0,0.0,0,0,0,0,0,0.0,0,0.0,0.0,0.0,0.0,45000,http://weibo.com/5309626623/Ko8uk4Lwy,CN,CN,"yunnan travel raiders | free travel and with group tour you are still unclear?
 come, a video tells you free line: a ticket fly to the destination, i want to play a few days, i want to play more attractions today, i want to sleep naturally tomorrow, i have made decisions.
 while enjoying freedom, you have to have freedom.
 [丽江 旅游 旅游 种菌 微菌] (http: t.cn/a6fc5fda) # 云南 旅游略 攻 圈 [超 话] # 丽江 旅游 | | dali travel guide | yunnan tourist attractions","['yunnan', 'travel', 'free', 'travel', 'group', 'tour', 'unclear', 'video', 'tell', 'free', 'line', 'ticket', 'fly', 'destination', 'play', 'days', 'play', 'attractions', 'today', 'sleep', 'naturally', 'tomorrow', 'decisions', 'freedom', 'freedom', '种菌', '微菌', 'a6fc5fda', '圈', 'dali', 'travel', 'guide', 'yunnan', 'tourist', 'attractions']"
8,5176,# 上 新 营口 # Qingming small holiday ushered in tourism peak parent-child tour new business activation travel market http: t.cn/a6CQE1N0???,0,0.0,0,0,0.0,0.0,0,0.0,0,0,0.0,0.0,0.0,0.0,0,0,0.0,0,0,0.0,0,0.0,0,0,0,0,0.0,0.0,0.0,0,0,0,0,0.0,0,0.0,0,0.0,0,0,0,0.0,0,0,0.0,100,0.0,0,0,0,0,0.0,0,0,0.0,0,0,0.0,0,0.0,0,0,0,0.0,0.0,0.0,0.0,0,0,0,0,0,0,0,0.0,0.0,0.0,0,0,0.0,0.0,0,0,0.0,0,0,0.0,0.0,0,0,0,0,0.0,0.0,0.0,0,0,0,0.0,0,0,0,0.0,0.0,0.0,0.0,0.0,0,0.0,0,0.0,0,0,0,0,0,0.0,0,0,0,0.0,0,0,0,0.0,0.0,0,0,0,0,0,0,0,0.0,0,0.0,0,0,0.0,0,0,0,0.0,0,0,0,0,0,0.0,0.0,0,0,0.0,0.0,0.0,0.0,0,0,0,0,0,0.0,0,0,0.0,0.0,0,0,0,0,0.0,0,0.0,0.0,0,0,0.0,0,0,0.0,0,0.0,0,0,0.0,0.0,0.0,0,0,0,0,0,0.0,0,0,0,0,0.0,0.0,0.0,0.0,0,0,0,0,0,0.0,0,0,0.0,0,0,0,0,0.0,0,0.0,0.0,0.0,0,0.0,0.0,0.0,0.0,0,0,0,0,0.0,0.0,0.0,0,0.0,0.0,0.0,0,0,0.0,0,0,0,0,0.0,0.0,0.0,0,0,0,0,0.0,0,0,0,0,0,0,0,0.0,0.0,0.0,0.0,0,0,0.0,0,0.0,0.0,0.0,0.0,0,0,0,0.0,0,0,0.0,0,0,0.0,0.0,0,0.0,0.0,0.0,0.0,0,0,0.0,0,0,0,0,0.0,0.0,0.0,0.0,0,0,0,0,0,0,0,0,0.0,0,0.0,0.0,0.0,0.0,0.0,0.0,0,0.0,0,0,0,0,0,0.0,0,0.0,0.0,0.0,0,0.0,0,0.0,0,0,0,0,0,0,0,0.0,0.0,0,0.0,0,0,0.0,0,0,0,0,0,0,100,0,0.0,0.0,0,0,0.0,0,0.0,0,100,0,0.0,0.0,0,0,0,0,0,0.0,0,0.0,0.0,0.0,0.0,30000,http://weibo.com/2269241297/K9QHtim9n,CN,CN,# 上 新 营口 # qingming small holiday ushered in tourism peak parent-child tour new business activation travel market http: t.cn/a6cqe1n0???,"['上', '新', '营口', 'qingming', 'small', 'holiday', 'usher', 'tourism', 'peak', 'parent', 'child', 'tour', 'new', 'business', 'activation', 'travel', 'market', 'a6cqe1n0']"
9,5370,"[China is stationed in Australia: From Australian return to the state must choose direct flight, do not go through the transfer flight to China] At present, the global new crown pneumonia epidemic is still very serious, the international travel cross-infection risk is large, the Chinese Embassy in Australia suggests ""non-necessary,
 Do not travel.
 If the passenger is necessary to go to China, be sure to go straight from its own country, take a direct flight to China.
 China's Foreign Handwood will no longer issue a green health code or a health status statement (except for national or region) to discusses China.",0,0.0,0,0,0.0,0.0,0,0.0,0,0,0.0,0.0,0.0,0.0,0,0,0.0,0,0,0.0,0,0.0,0,0,0,0,0.0,0.0,0.0,0,0,0,0,0.0,0,0.0,0,0.0,0,0,0,0.0,0,0,0.0,0,0.0,0,0,0,0,0.0,0,0,0.0,0,0,0.0,0,0.0,0,0,0,0.0,0.0,0.0,0.0,0,0,0,0,0,0,0,0.0,0.0,0.0,0,0,0.0,0.0,0,0,0.0,0,0,0.0,0.0,0,0,0,0,0.0,0.0,0.0,0,0,0,0.0,0,0,0,0.0,0.0,0.0,0.0,0.0,0,0.0,0,0.0,0,0,0,0,0,0.0,0,0,0,0.0,0,0,0,0.0,0.0,0,0,0,0,0,0,0,0.0,0,0.0,0,0,0.0,0,0,0,0.0,0,0,0,0,0,0.0,0.0,0,0,0.0,0.0,0.0,0.0,0,0,0,0,0,0.0,0,0,0.0,0.0,0,0,0,0,0.0,0,0.0,0.0,0,50,0.0,0,0,0.0,0,0.0,0,0,0.0,0.0,0.0,0,0,0,0,0,0.0,0,0,0,0,0.0,0.0,0.0,0.0,0,0,0,0,0,0.0,0,50,0.0,0,0,0,0,0.0,0,0.0,0.0,0.0,0,0.0,0.0,0.0,0.0,0,0,0,0,0.0,0.0,0.0,0,0.0,0.0,0.0,0,0,0.0,0,0,0,0,0.0,0.0,0.0,0,0,0,50,0.0,0,0,0,0,0,0,0,0.0,0.0,0.0,0.0,0,0,0.0,0,0.0,0.0,0.0,0.0,0,0,0,0.0,0,0,0.0,0,0,0.0,0.0,0,0.0,0.0,0.0,0.0,0,0,0.0,0,0,0,0,0.0,0.0,0.0,0.0,0,0,0,0,0,0,0,0,0.0,0,0.0,0.0,0.0,0.0,0.0,0.0,0,0.0,0,0,0,0,0,0.0,0,0.0,0.0,0.0,0,0.0,0,0.0,0,0,0,0,0,0,0,0.0,0.0,0,0.0,0,0,0.0,0,0,0,0,200,50,0,0,0.0,0.0,0,0,0.0,200,0.0,0,0,0,0.0,0.0,0,0,0,0,0,0.0,0,0.0,0.0,0.0,0.0,50000,http://weibo.com/1666560985/K2F8MxkCA,CN,CN,"[china is stationed in australia: from australian return to the state must choose direct flight, do not go through the transfer flight to china] at present, the global new crown pneumonia epidemic is still very serious, the international travel cross-infection risk is large, the chinese embassy in australia suggests ""non-necessary,
 do not travel.
 if the passenger is necessary to go to china, be sure to go straight from its own country, take a direct flight to china.
 china's foreign handwood will no longer issue a green health code or a health status statement (except for national or region) to discusses china.","['china', 'station', 'australia', 'australian', 'state', 'must', 'direct', 'flight', 'transfer', 'flight', 'china', 'present', 'global', 'new', 'crown', 'pneumonia', 'epidemic', 'serious', 'international', 'travel', 'cross', 'infection', 'risk', 'large', 'chinese', 'embassy', 'australia', 'non', 'necessary', 'travel', 'passenger', 'necessary', 'china', 'straight', 'country', 'direct', 'flight', 'china', 'chinas', 'foreign', 'handwood', 'longer', 'green', 'health', 'code', 'health', 'status', 'statement', 'except', 'national', 'region', 'discuss', 'china']"
10,5857,"# 男 朋友手 Write Tourism Raiders # This hot Search recently my little brother to Chengdu, I remembered the familiar scene when I have learned a lot of bachelor.??",0,0.0,0,0,0.0,0.0,0,0.0,0,0,0.0,0.0,0.0,0.0,0,0,0.0,0,0,0.0,0,0.0,0,0,0,0,0.0,0.0,0.0,0,0,0,0,0.0,0,0.0,0,0.0,0,0,0,0.0,0,0,0.0,0,0.0,0,0,0,0,0.0,0,0,0.0,0,0,0.0,0,0.0,0,0,0,0.0,0.0,0.0,0.0,0,0,0,0,0,0,0,0.0,0.0,0.0,0,0,0.0,0.0,0,0,0.0,0,0,0.0,0.0,0,0,0,0,0.0,0.0,0.0,0,0,0,0.0,0,0,0,0.0,0.0,0.0,0.0,0.0,0,0.0,0,0.0,0,0,0,0,0,0.0,0,0,0,100.0,0,0,0,0.0,0.0,0,0,0,0,0,0,0,0.0,0,0.0,0,0,0.0,0,0,0,0.0,0,0,0,0,0,0.0,0.0,0,0,0.0,0.0,0.0,0.0,0,0,0,0,0,0.0,0,0,0.0,0.0,0,0,0,0,0.0,0,0.0,0.0,0,0,0.0,0,0,0.0,0,0.0,0,0,0.0,0.0,0.0,0,0,0,0,0,0.0,0,0,0,0,0.0,0.0,0.0,0.0,0,0,0,0,0,0.0,0,0,0.0,0,0,0,0,0.0,0,0.0,0.0,0.0,0,0.0,0.0,0.0,0.0,0,0,0,0,0.0,0.0,0.0,0,0.0,0.0,0.0,0,0,0.0,0,0,0,0,0.0,0.0,0.0,0,0,0,0,0.0,0,0,0,0,0,0,0,0.0,0.0,0.0,0.0,0,0,0.0,0,0.0,0.0,0.0,0.0,0,0,0,0.0,0,0,0.0,0,0,0.0,0.0,0,0.0,0.0,0.0,0.0,0,0,0.0,0,0,0,0,0.0,0.0,0.0,0.0,0,0,0,0,0,0,0,0,0.0,0,0.0,0.0,0.0,0.0,0.0,0.0,0,0.0,0,0,0,0,0,0.0,0,0.0,0.0,0.0,0,0.0,0,0.0,0,0,0,0,0,0,0,0.0,0.0,0,0.0,0,0,0.0,0,0,0,0,0,0,0,0,0.0,0.0,0,0,0.0,0,0.0,0,0,0,0.0,0.0,0,0,0,0,0,0.0,0,0.0,0.0,0.0,0.0,10000,http://weibo.com/5498702714/Knxvinh6W,CN,CN,"# 男 朋友手 write tourism raiders # this hot search recently my little brother to chengdu, i remembered the familiar scene when i have learned a lot of bachelor.??","['男', '朋友手', 'write', 'tourism', 'hot', 'search', 'recently', 'little', 'brother', 'chengdu', 'familiar', 'scene', 'learn', 'lot', 'bachelor']"
11,5968,"Big Northwest Tourism Classic Route 1: Qinghai Lake Day Tour 2 Line: Tal Temple, Campla Day Tour; 3T Road: Qinghai Lake Tea Salt Lake Two-Day Tour; 4th Link: Qinghai Lake, Tea Card, Qilian
 Three-day tour of the gate of the gate, Qinghai Lake, Tea Ka Sali Lake, Zhangye Color Danxia four-day tour 6 line: Qinghai Lake, Dunhuang big ring line 6 ~ 7 day travel car or business car, 4-6 people
 , Small team AA system, set up a big northwest!
 @ 微 博 旅游 旅游 @ 新浪 旅游游 # 青海 旅行 ## 青海 旅游游 略 #",100,0.0,0,0,0.0,0.0,0,0.0,0,0,0.0,0.0,0.0,0.0,0,0,0.0,0,0,0.0,0,0.0,0,0,0,0,0.0,0.0,0.0,100,0,0,0,0.0,0,0.0,0,0.0,0,0,0,0.0,0,0,0.0,0,0.0,0,0,0,0,0.0,0,0,0.0,0,0,0.0,0,0.0,0,0,0,0.0,0.0,0.0,0.0,0,0,0,0,0,0,0,0.0,0.0,0.0,0,0,0.0,0.0,0,0,0.0,0,0,0.0,0.0,0,0,0,0,0.0,0.0,0.0,0,0,0,0.0,0,0,0,0.0,0.0,0.0,0.0,0.0,0,0.0,0,0.0,0,0,0,0,0,0.0,0,0,0,0.0,0,0,0,0.0,0.0,0,0,0,0,0,0,0,0.0,0,0.0,0,0,0.0,0,0,0,0.0,0,0,0,0,0,0.0,0.0,0,0,0.0,0.0,0.0,0.0,0,0,0,0,0,0.0,0,0,0.0,0.0,0,0,0,0,0.0,0,0.0,0.0,0,0,0.0,0,0,0.0,0,0.0,0,0,0.0,0.0,0.0,0,0,0,0,0,0.0,0,0,0,0,0.0,0.0,0.0,0.0,0,0,0,0,0,0.0,0,0,0.0,0,0,0,0,0.0,0,0.0,0.0,0.0,0,0.0,0.0,0.0,0.0,0,0,0,0,0.0,0.0,0.0,0,0.0,0.0,0.0,0,0,0.0,0,0,0,0,0.0,0.0,0.0,0,0,0,0,0.0,0,0,0,0,0,0,0,0.0,0.0,0.0,0.0,0,0,0.0,0,0.0,0.0,0.0,0.0,0,0,0,0.0,0,0,0.0,0,0,0.0,0.0,0,0.0,0.0,0.0,0.0,0,0,0.0,0,0,0,0,0.0,0.0,0.0,0.0,0,0,0,0,0,0,0,0,0.0,0,0.0,0.0,0.0,0.0,0.0,0.0,0,0.0,0,0,0,0,0,0.0,0,0.0,0.0,0.0,0,0.0,0,0.0,0,0,0,0,0,0,0,0.0,0.0,0,0.0,0,0,0.0,0,0,0,0,0,0,0,0,0.0,0.0,0,0,0.0,0,0.0,0,100,0,0.0,0.0,0,0,0,0,0,0.0,0,0.0,0.0,0.0,0.0,30000,http://weibo.com/1803363775/KoxbqmzHP,CN,CN,"big northwest tourism classic route 1: qinghai lake day tour 2 line: tal temple, campla day tour; 3t road: qinghai lake tea salt lake two-day tour; 4th link: qinghai lake, tea card, qilian
 three-day tour of the gate of the gate, qinghai lake, tea ka sali lake, zhangye color danxia four-day tour 6 line: qinghai lake, dunhuang big ring line 6 ~ 7 day travel car or business car, 4-6 people
 , small team aa system, set up a big northwest!
 @ 微 博 旅游 旅游 @ 新浪 旅游游 # 青海 旅行 ## 青海 旅游游 略 #","['big', 'northwest', 'tourism', 'classic', 'route', '1', 'qinghai', 'lake', 'day', 'tour', '2', 'line', 'tal', 'temple', 'campla', 'day', 'tour', '3t', 'road', 'qinghai', 'lake', 'tea', 'salt', 'lake', 'two', 'day', 'tour', '4th', 'link', 'qinghai', 'lake', 'tea', 'card', 'qilian', 'three', 'day', 'tour', 'gate', 'gate', 'qinghai', 'lake', 'tea', 'ka', 'sali', 'lake', 'zhangye', 'color', 'danxia', 'four', 'day', 'tour', '6', 'line', 'qinghai', 'lake', 'dunhuang', 'big', 'ring', 'line', '6', '7', 'day', 'travel', 'car', 'business', 'car', '4', '6', 'people', 'small', 'team', 'aa', 'system', 'set', 'big', 'northwest', '新浪', '旅行']"
12,6470,"The only reason for my vaccine is to travel free.
 It is a good day, first of all the EU want to compromise from the entry, then cancel your domestic test and isolation in August, come on, fuel, August ticket can appear, I have three thousand pound tickets to exchange coupons, all canceled before
 Flights that don't refund, you have to use it!
 Actually some airlines say that autumn will be invalid - Is it not to fly?
 Two oppression by government and airlines",0,0.0,0,0,0.0,0.0,0,0.0,0,0,0.0,0.0,0.0,0.0,0,0,0.0,0,0,0.0,0,0.0,0,0,0,0,0.0,0.0,0.0,0,0,0,0,0.0,0,0.0,0,0.0,0,0,0,0.0,0,0,0.0,0,0.0,0,0,0,200,0.0,0,0,0.0,0,0,0.0,0,0.0,0,0,0,0.0,0.0,0.0,0.0,0,0,0,0,0,0,0,0.0,0.0,0.0,0,0,0.0,0.0,0,0,0.0,0,0,0.0,0.0,0,0,0,0,0.0,0.0,0.0,0,0,0,0.0,0,0,0,0.0,0.0,0.0,0.0,0.0,0,0.0,0,0.0,0,0,0,0,0,0.0,0,0,0,0.0,0,0,0,0.0,0.0,0,0,0,0,0,0,0,0.0,0,0.0,0,0,0.0,0,0,0,0.0,0,0,0,0,0,0.0,0.0,0,0,0.0,0.0,0.0,0.0,0,0,0,0,0,0.0,0,0,0.0,0.0,0,0,0,0,0.0,0,0.0,0.0,0,0,0.0,0,0,0.0,0,0.0,0,0,0.0,0.0,0.0,0,0,0,0,50,0.0,50,0,0,0,0.0,0.0,0.0,0.0,0,0,0,0,0,0.0,0,0,0.0,0,0,0,0,0.0,0,0.0,0.0,0.0,0,0.0,0.0,0.0,0.0,0,0,0,0,0.0,0.0,0.0,0,0.0,0.0,0.0,0,0,0.0,0,0,0,0,0.0,0.0,0.0,0,0,0,0,0.0,0,0,0,0,0,0,0,0.0,0.0,0.0,0.0,0,0,0.0,0,0.0,0.0,0.0,0.0,0,0,0,0.0,0,0,0.0,0,0,0.0,0.0,0,0.0,0.0,0.0,0.0,0,0,0.0,0,0,0,0,0.0,0.0,0.0,0.0,0,0,0,0,0,0,0,0,0.0,0,0.0,0.0,0.0,0.0,0.0,0.0,0,0.0,0,0,0,0,0,0.0,0,0.0,0.0,0.0,0,0.0,0,0.0,0,0,0,0,0,0,0,0.0,0.0,0,0.0,0,0,0.0,0,0,0,0,0,0,50,0,0.0,0.0,0,0,0.0,50,0.0,0,0,0,0.0,0.0,0,0,0,0,0,0.0,0,0.0,0.0,0.0,0.0,30000,http://weibo.com/1702208197/Kn3Rzx436,CN,CN,"the only reason for my vaccine is to travel free.
 it is a good day, first of all the eu want to compromise from the entry, then cancel your domestic test and isolation in august, come on, fuel, august ticket can appear, i have three thousand pound tickets to exchange coupons, all canceled before
 flights that don't refund, you have to use it!
 actually some airlines say that autumn will be invalid - is it not to fly?
 two oppression by government and airlines","['reason', 'vaccine', 'travel', 'free', 'good', 'day', 'eu', 'compromise', 'entry', 'cancel', 'domestic', 'test', 'isolation', 'august', 'fuel', 'august', 'ticket', 'appear', 'three', 'thousand', 'pound', 'ticket', 'exchange', 'coupons', 'cancel', 'flight', 'refund', 'airlines', 'autumn', 'invalid', 'fly', 'two', 'oppression', 'government', 'airlines']"
13,6608,"# 青海 旅游 # #: 青海 湖 日 一; 2nd line: Tal Temple, Campola Day Tour; 3-line: Qinghai Lake Tea Salt Lake Two-Day Tour; 4-Line: Qinghai Lake, Tea Card, Qilian
 , Door source small ring line three-day tour [shy] 5 line: Qinghai Lake, Tea Ka Sali Lake, Zhang Wei Color Danxia four-day tour? 6 line: Qinghai Lake, Dunhuang Big ring line 6 ~ 7-day travel car or business car, 4-
 6 people, a small team AA system, set up a big northwest [Like] [Like] [Like] ... - Qinghai Lake Travel Ponyburrow Team # 青海 旅游游 # ## 青甘 大 环 # ##
 Qinghai Travel [Super Learning] #",100,0.0,0,0,0.0,0.0,0,0.0,0,0,0.0,0.0,0.0,0.0,0,0,0.0,0,0,0.0,0,0.0,0,0,0,0,0.0,0.0,0.0,100,0,0,0,0.0,0,0.0,0,0.0,0,0,0,0.0,0,0,0.0,0,0.0,0,0,0,0,0.0,0,0,0.0,0,0,0.0,0,0.0,0,0,0,0.0,0.0,0.0,0.0,0,0,0,0,0,0,0,0.0,0.0,0.0,0,0,0.0,0.0,0,0,0.0,0,0,0.0,0.0,0,0,0,0,0.0,0.0,0.0,0,0,0,0.0,0,0,0,0.0,0.0,0.0,0.0,0.0,0,0.0,0,0.0,0,0,0,0,0,0.0,0,0,0,0.0,0,0,0,0.0,0.0,0,0,0,0,0,0,0,0.0,0,0.0,0,0,0.0,0,0,0,0.0,0,0,0,0,0,0.0,0.0,0,0,0.0,0.0,0.0,0.0,0,0,0,0,0,0.0,0,0,0.0,0.0,0,0,0,0,0.0,0,0.0,0.0,0,0,0.0,0,0,0.0,0,0.0,0,0,0.0,0.0,0.0,0,0,0,0,0,0.0,0,0,0,0,0.0,0.0,0.0,0.0,0,0,0,0,0,0.0,0,0,0.0,0,0,0,0,0.0,0,0.0,0.0,0.0,0,0.0,0.0,0.0,0.0,0,0,0,0,0.0,0.0,0.0,0,0.0,0.0,0.0,0,0,0.0,0,0,0,0,0.0,0.0,0.0,0,0,0,0,0.0,0,0,0,0,0,0,0,0.0,0.0,0.0,0.0,0,0,0.0,0,0.0,0.0,0.0,0.0,0,0,0,0.0,0,0,0.0,0,0,0.0,0.0,0,0.0,0.0,0.0,0.0,0,0,0.0,0,0,0,0,0.0,0.0,0.0,0.0,0,0,0,0,0,0,0,0,0.0,0,0.0,0.0,0.0,0.0,0.0,0.0,0,0.0,0,0,0,0,0,0.0,0,0.0,0.0,0.0,0,0.0,0,0.0,0,0,0,0,0,0,0,0.0,0.0,0,0.0,0,0,0.0,0,0,0,0,100,0,0,0,0.0,0.0,0,0,0.0,0,0.0,0,100,0,0.0,0.0,0,0,0,0,0,0.0,0,0.0,0.0,0.0,0.0,40000,http://weibo.com/6025755458/KkN1Pj65q,CN,CN,"# 青海 旅游 # #: 青海 湖 日 一; 2nd line: tal temple, campola day tour; 3-line: qinghai lake tea salt lake two-day tour; 4-line: qinghai lake, tea card, qilian
 , door source small ring line three-day tour [shy] 5 line: qinghai lake, tea ka sali lake, zhang wei color danxia four-day tour? 6 line: qinghai lake, dunhuang big ring line 6 ~ 7-day travel car or business car, 4-
 6 people, a small team aa system, set up a big northwest [like] [like] [like] ... - qinghai lake travel ponyburrow team # 青海 旅游游 # ## 青甘 大 环 # ##
 qinghai travel [super learning] #","['湖', '2nd', 'line', 'tal', 'temple', 'campola', 'day', 'tour', '3', 'line', 'qinghai', 'lake', 'tea', 'salt', 'lake', 'two', 'day', 'tour', '4', 'line', 'qinghai', 'lake', 'tea', 'card', 'qilian', 'door', 'source', 'small', 'ring', 'line', 'three', 'day', 'tour', 'shy', '5', 'line', 'qinghai', 'lake', 'tea', 'ka', 'sali', 'lake', 'zhang', 'wei', 'color', 'danxia', 'four', 'day', 'tour', '6', 'line', 'qinghai', 'lake', 'dunhuang', 'big', 'ring', 'line', '6', '7', 'day', 'travel', 'car', 'business', 'car', '4', '6', 'people', 'small', 'team', 'aa', 'system', 'set', 'big', 'northwest', 'qinghai', 'lake', 'travel', 'ponyburrow', 'team', '青甘', 'qinghai', 'travel', 'super', 'learn']"
14,6810,"# 青海 旅游游 # 青海 旅游 旅游 略 失恋 失恋, you should give yourself holiday to travel, or go to the distant business trip.
 In short, leaving this city that once makes you sad, no matter what you are temporarily or forever, this sad or lost in new urban infections, it will gradually be replaced by fresh things and people.
 Qinghai Travel Raiders #? # 青海 旅 ## 西西 大 环 线 #? [Xining Qinghai Garden Community] (http://t.cn/rjwb9x9)",0,0.0,0,0,0.0,0.0,0,0.0,0,0,0.0,0.0,0.0,0.0,0,0,0.0,0,0,0.0,0,0.0,0,0,0,0,0.0,0.0,0.0,100,0,0,0,0.0,0,0.0,0,0.0,0,0,0,0.0,0,0,0.0,0,0.0,0,0,0,0,0.0,0,0,0.0,0,0,0.0,0,0.0,0,0,0,0.0,0.0,0.0,0.0,0,0,0,0,0,0,0,0.0,0.0,0.0,0,0,0.0,0.0,0,0,0.0,0,0,0.0,0.0,0,0,0,0,0.0,0.0,0.0,0,0,0,0.0,0,0,0,0.0,0.0,0.0,0.0,0.0,0,0.0,0,0.0,0,0,0,0,0,0.0,0,0,0,0.0,0,0,0,0.0,0.0,0,0,0,0,0,0,0,0.0,0,0.0,0,0,0.0,0,0,0,0.0,0,0,0,0,0,0.0,0.0,0,0,0.0,0.0,0.0,0.0,0,0,0,0,0,0.0,0,0,0.0,0.0,0,0,0,0,0.0,0,0.0,0.0,0,100,0.0,0,0,0.0,0,0.0,0,0,0.0,0.0,0.0,0,0,0,0,0,0.0,0,0,0,0,0.0,0.0,0.0,0.0,0,0,0,0,0,0.0,0,0,0.0,0,0,0,0,0.0,0,0.0,0.0,0.0,0,0.0,0.0,0.0,0.0,0,0,0,0,0.0,0.0,0.0,0,0.0,0.0,0.0,0,0,0.0,0,0,0,0,0.0,0.0,0.0,0,0,0,0,0.0,0,0,0,0,0,0,0,0.0,0.0,0.0,0.0,0,0,0.0,0,0.0,0.0,0.0,0.0,0,0,0,0.0,0,0,0.0,0,0,0.0,0.0,0,0.0,0.0,0.0,0.0,0,0,0.0,0,0,0,0,0.0,0.0,0.0,0.0,0,0,0,0,0,0,0,0,0.0,0,0.0,0.0,0.0,0.0,0.0,0.0,0,0.0,0,0,0,0,0,0.0,0,0.0,0.0,0.0,0,0.0,0,0.0,0,0,0,0,0,0,0,0.0,0.0,0,0.0,0,0,0.0,0,0,0,0,100,0,0,100,0.0,0.0,0,0,0.0,0,0.0,0,100,0,0.0,0.0,0,0,0,0,0,0.0,0,0.0,0.0,0.0,0.0,50000,http://weibo.com/5682446107/KoI1NheKC,CN,CN,"# 青海 旅游游 # 青海 旅游 旅游 略 失恋 失恋, you should give yourself holiday to travel, or go to the distant business trip.
 in short, leaving this city that once makes you sad, no matter what you are temporarily or forever, this sad or lost in new urban infections, it will gradually be replaced by fresh things and people.
 qinghai travel raiders #? # 青海 旅 ## 西西 大 环 线 #? [xining qinghai garden community] (http://t.cn/rjwb9x9)","['失恋', '失恋', 'holiday', 'travel', 'distant', 'business', 'trip', 'short', 'city', 'sad', 'matter', 'temporarily', 'forever', 'sad', 'lose', 'new', 'urban', 'infections', 'gradually', 'replace', 'fresh', 'people', 'qinghai', 'travel', '西西', 'xining', 'qinghai', 'garden', 'community', 'rjwb9x9']"
15,7118,"[""Immunization Passport"" trial operation!
 From next month, travelers going backbound Auckland and Sydney need to use Digital Health Pass] New Zealand Airways will ask passengers to use digital health pass on flights to and from Auckland and Sydney.
 It is reported that this is a trial operation of the ""Immunization Passport"" system.
 It is alleged that New Zealand Airlines said on Monday that Travel Pass App will trial Travel Pass App in Augusti flights in Sydney in August.
 This is an international trip that will be roughly understanding of people before new crown viruses no longer constitute a threat.
 http: t.cn/a6tj7ymi",0,0.0,0,0,0.0,0.0,0,0.0,0,0,0.0,0.0,0.0,0.0,0,0,0.0,0,0,0.0,0,0.0,0,0,0,0,0.0,0.0,0.0,0,0,0,0,0.0,0,0.0,0,0.0,0,0,0,0.0,0,0,0.0,0,0.0,0,0,0,0,0.0,0,0,0.0,0,0,0.0,0,0.0,0,0,200,0.0,0.0,0.0,0.0,0,0,0,0,0,0,0,0.0,0.0,0.0,0,0,0.0,0.0,0,0,0.0,0,0,0.0,0.0,0,0,0,0,0.0,0.0,0.0,0,0,0,0.0,0,0,0,0.0,0.0,0.0,0.0,0.0,0,0.0,0,0.0,0,0,0,0,0,0.0,0,0,0,0.0,0,0,0,0.0,0.0,0,0,0,0,0,0,0,0.0,0,0.0,0,0,0.0,0,0,0,0.0,0,0,0,0,0,0.0,0.0,0,0,0.0,0.0,0.0,0.0,0,0,0,0,0,0.0,0,0,0.0,0.0,0,0,0,0,0.0,0,0.0,0.0,50,0,0.0,0,0,0.0,0,0.0,0,0,0.0,0.0,0.0,0,0,0,0,0,0.0,0,0,0,0,0.0,0.0,0.0,0.0,0,0,0,0,0,0.0,0,0,0.0,0,0,0,0,0.0,0,0.0,0.0,0.0,0,0.0,0.0,0.0,0.0,0,0,0,0,0.0,0.0,0.0,0,0.0,0.0,0.0,0,0,0.0,0,0,0,0,0.0,0.0,0.0,0,0,0,0,0.0,0,0,0,0,0,0,0,0.0,0.0,0.0,0.0,0,0,0.0,0,0.0,0.0,0.0,0.0,0,0,0,0.0,0,0,0.0,0,0,0.0,0.0,0,0.0,0.0,0.0,0.0,0,0,0.0,0,0,0,0,0.0,0.0,0.0,0.0,0,0,0,0,0,0,0,0,0.0,0,0.0,0.0,0.0,0.0,0.0,0.0,0,0.0,0,0,0,0,0,0.0,0,0.0,0.0,0.0,0,0.0,0,0.0,0,0,0,0,0,0,0,0.0,0.0,0,0.0,0,0,0.0,0,0,0,0,0,200,0,0,0.0,0.0,0,0,0.0,50,0.0,0,0,0,0.0,0.0,0,0,0,0,0,0.0,0,0.0,0.0,0.0,0.0,45000,http://weibo.com/1734779232/K3g7MyZ0P,CN,CN,"[""immunization passport"" trial operation!
 from next month, travelers going backbound auckland and sydney need to use digital health pass] new zealand airways will ask passengers to use digital health pass on flights to and from auckland and sydney.
 it is reported that this is a trial operation of the ""immunization passport"" system.
 it is alleged that new zealand airlines said on monday that travel pass app will trial travel pass app in augusti flights in sydney in august.
 this is an international trip that will be roughly understanding of people before new crown viruses no longer constitute a threat.
 http: t.cn/a6tj7ymi","['immunization', 'passport', 'trial', 'operation', 'month', 'travelers', 'backbound', 'auckland', 'sydney', 'digital', 'health', 'pass', 'new', 'zealand', 'airways', 'passengers', 'digital', 'health', 'pass', 'flight', 'auckland', 'sydney', 'report', 'trial', 'operation', 'immunization', 'passport', 'system', 'allege', 'new', 'zealand', 'airlines', 'monday', 'travel', 'pass', 'app', 'trial', 'travel', 'pass', 'app', 'augusti', 'flight', 'sydney', 'august', 'international', 'trip', 'roughly', 'people', 'new', 'crown', 'viruses', 'longer', 'constitute', 'threat', 'a6tj7ymi']"
16,7619,"As the first travel agency in China, Dalian Yihai International Travel Service has developed into an entry, outbound tour, domestic tour, from a travel agency that receives overseas Chinese, foreign Chinese, Hong Kong and Macao compatriots, Taiwan compatriots.
 Business travel, conference and reward tourism, visa certification agent, aerospace ticket sales, annual comprehensive large international travel agency, receiving millions of Chinese and foreign tourists, join and become China Travel?",0,0.0,0,0,0.0,0.0,0,0.0,0,0,0.0,0.0,0.0,0.0,0,0,0.0,0,0,0.0,0,0.0,0,0,0,0,0.0,0.0,0.0,200,0,0,0,0.0,0,0.0,0,0.0,0,0,0,0.0,0,0,0.0,0,0.0,0,0,0,0,0.0,0,0,0.0,0,0,0.0,0,0.0,0,0,0,0.0,0.0,0.0,0.0,0,0,0,0,0,0,0,0.0,0.0,0.0,0,0,0.0,0.0,0,0,0.0,0,0,0.0,0.0,0,0,0,0,50.0,0.0,0.0,0,0,0,0.0,0,0,0,0.0,0.0,0.0,0.0,0.0,0,0.0,0,0.0,0,0,0,0,0,0.0,0,0,0,0.0,0,0,0,0.0,0.0,0,0,0,0,0,0,0,0.0,0,0.0,0,0,0.0,0,0,0,0.0,0,0,0,0,0,0.0,0.0,0,0,0.0,0.0,0.0,0.0,0,0,0,0,0,0.0,0,0,0.0,0.0,0,0,0,0,0.0,0,0.0,0.0,0,0,0.0,0,0,0.0,0,0.0,0,0,0.0,0.0,0.0,0,0,0,0,0,0.0,0,0,0,0,0.0,0.0,0.0,0.0,0,0,0,0,0,0.0,0,0,0.0,0,0,0,0,0.0,0,0.0,0.0,0.0,0,0.0,0.0,0.0,0.0,0,0,0,0,0.0,0.0,0.0,0,0.0,0.0,0.0,0,0,0.0,0,0,0,0,0.0,0.0,0.0,0,0,0,0,0.0,0,0,0,0,0,0,0,0.0,0.0,0.0,0.0,0,0,0.0,0,0.0,0.0,0.0,0.0,0,0,0,0.0,0,0,0.0,0,0,0.0,0.0,0,0.0,0.0,0.0,0.0,0,0,0.0,0,0,0,0,0.0,0.0,0.0,0.0,0,0,0,0,0,0,0,0,0.0,0,0.0,0.0,0.0,0.0,0.0,0.0,0,0.0,0,0,0,0,0,0.0,0,0.0,0.0,0.0,0,0.0,0,0.0,0,0,0,0,0,0,0,0.0,0.0,0,0.0,0,0,0.0,0,0,0,0,50,0,0,0,0.0,0.0,0,0,0.0,0,0.0,0,50,0,0.0,0.0,0,0,0,0,0,0.0,0,0.0,0.0,0.0,0.0,27500,http://weibo.com/6418157038/K8nLziETI,CN,CN,"as the first travel agency in china, dalian yihai international travel service has developed into an entry, outbound tour, domestic tour, from a travel agency that receives overseas chinese, foreign chinese, hong kong and macao compatriots, taiwan compatriots.
 business travel, conference and reward tourism, visa certification agent, aerospace ticket sales, annual comprehensive large international travel agency, receiving millions of chinese and foreign tourists, join and become china travel?","['travel', 'agency', 'china', 'dalian', 'yihai', 'international', 'travel', 'service', 'develop', 'entry', 'outbound', 'tour', 'domestic', 'tour', 'travel', 'agency', 'receive', 'overseas', 'chinese', 'foreign', 'chinese', 'hong', 'kong', 'macao', 'compatriots', 'taiwan', 'compatriots', 'business', 'travel', 'conference', 'reward', 'tourism', 'visa', 'certification', 'agent', 'aerospace', 'ticket', 'sales', 'annual', 'comprehensive', 'large', 'international', 'travel', 'agency', 'receive', 'millions', 'chinese', 'foreign', 'tourists', 'join', 'become', 'china', 'travel']"
17,7772,"[Indian aviation plan increases direct flights to US flights: increased to the epidemic level] According to CNN reports on Thursday, India is planning to increase India's flight to the United States until close to the epidemic.
 A spokesperson of India said that from May 11th, we will plan to run 32 shifts to the United States every week. The airline is currently 29 classes every week and intends to gradually increase from this Thursday.",0,0.0,0,0,0.0,0.0,0,0.0,0,0,0.0,0.0,0.0,0.0,0,0,0.0,0,0,0.0,0,0.0,0,0,0,0,0.0,0.0,0.0,0,0,0,0,0.0,0,0.0,0,0.0,0,0,0,0.0,0,0,0.0,0,0.0,0,0,0,50,0.0,0,0,0.0,0,0,0.0,0,0.0,0,0,0,0.0,0.0,0.0,0.0,0,0,0,0,0,0,0,0.0,0.0,0.0,0,0,0.0,0.0,0,0,0.0,0,0,0.0,0.0,0,0,0,0,0.0,0.0,0.0,0,0,0,0.0,0,0,0,0.0,0.0,0.0,0.0,0.0,0,0.0,0,0.0,0,0,0,0,0,0.0,0,0,0,0.0,0,0,0,0.0,0.0,0,0,0,0,0,0,0,0.0,0,0.0,0,0,0.0,0,0,0,0.0,0,0,0,0,0,0.0,0.0,0,0,0.0,0.0,0.0,0.0,0,0,0,0,0,0.0,0,0,0.0,0.0,0,0,0,0,0.0,0,0.0,0.0,0,50,0.0,0,0,0.0,0,0.0,0,0,0.0,0.0,0.0,0,0,0,0,0,0.0,0,0,0,0,0.0,0.0,0.0,0.0,0,0,0,0,0,0.0,0,0,0.0,0,0,0,0,0.0,0,0.0,0.0,0.0,0,0.0,0.0,0.0,0.0,0,0,0,0,0.0,0.0,0.0,0,0.0,0.0,0.0,0,0,0.0,0,0,0,0,0.0,0.0,0.0,0,0,0,0,0.0,0,0,0,0,0,0,0,0.0,0.0,0.0,0.0,0,0,0.0,0,0.0,0.0,0.0,0.0,0,0,0,0.0,0,0,0.0,0,0,0.0,0.0,0,0.0,0.0,0.0,0.0,0,0,0.0,0,0,0,0,0.0,0.0,0.0,0.0,0,0,0,0,0,0,0,0,0.0,0,0.0,0.0,0.0,0.0,0.0,0.0,0,0.0,0,0,0,0,0,0.0,0,0.0,0.0,0.0,0,0.0,0,0.0,0,0,0,0,0,0,0,0.0,0.0,0,0.0,0,0,0.0,0,0,0,0,200,0,0,0,0.0,0.0,0,0,0.0,200,0.0,0,0,0,0.0,0.0,0,0,0,0,0,0.0,0,0.0,0.0,0.0,0.0,45000,http://weibo.com/2185032780/Kdie4zNv4,CN,CN,"[indian aviation plan increases direct flights to us flights: increased to the epidemic level] according to cnn reports on thursday, india is planning to increase india's flight to the united states until close to the epidemic.
 a spokesperson of india said that from may 11th, we will plan to run 32 shifts to the united states every week. the airline is currently 29 classes every week and intends to gradually increase from this thursday.","['indian', 'aviation', 'plan', 'increase', 'direct', 'flight', 'flight', 'increase', 'epidemic', 'level', 'accord', 'cnn', 'report', 'thursday', 'india', 'plan', 'increase', 'indias', 'flight', 'unite', 'state', 'close', 'epidemic', 'spokesperson', 'india', 'may', '11th', 'plan', 'run', '32', 'shift', 'unite', 'state', 'week', 'airline', '29', 'class', 'week', 'intend', 'gradually', 'increase', 'thursday']"
18,7903,"# 里 吃 喝 玩 特 价 价 我 #? - ""Meng Pets"" ???? 邂逅 初夏 进 进 进 进 进 进 进 进 进 进 进 进 进 进 进 进 进 进, 邂 初 初 初 进 大 的 的 大 的 的 的 的 的 的 的 物 物 物 物 物
 fun!
 ~
 #
 Shijiazhuang
 [
ultra-
words
]
 together
 ##
 young people to do
 the media
 do not fly
 from
 the parent-child
 play
 #
 #
 #
 [
woman in the town
 to eat, drink
 discount tickets
 find
 my microblogging
 video
] (http://t.cn/
 A6FJPET3)???",0,0.0,0,0,0.0,0.0,0,0.0,0,0,0.0,0.0,0.0,0.0,0,0,0.0,0,0,0.0,0,0.0,0,0,0,0,0.0,0.0,0.0,0,0,0,0,0.0,0,0.0,0,0.0,0,0,0,0.0,0,0,0.0,0,0.0,0,0,0,0,0.0,0,0,0.0,0,0,0.0,0,0.0,0,0,0,0.0,0.0,0.0,0.0,0,0,0,0,0,0,0,0.0,0.0,0.0,0,0,0.0,0.0,0,0,0.0,0,0,0.0,0.0,0,0,0,0,0.0,0.0,0.0,0,0,0,0.0,0,0,0,0.0,0.0,0.0,0.0,0.0,0,0.0,0,0.0,0,0,0,0,0,0.0,0,0,0,0.0,0,0,0,0.0,0.0,0,0,0,0,0,0,0,0.0,0,0.0,0,0,0.0,0,0,0,0.0,0,0,0,0,0,0.0,0.0,0,0,0.0,0.0,0.0,0.0,0,0,0,0,0,0.0,0,0,0.0,0.0,0,0,0,0,0.0,0,0.0,0.0,0,0,0.0,0,0,0.0,0,0.0,0,0,0.0,0.0,0.0,0,0,0,0,0,0.0,0,0,0,0,0.0,0.0,0.0,0.0,0,0,0,0,0,0.0,0,0,0.0,0,0,0,0,0.0,0,0.0,0.0,0.0,0,0.0,0.0,0.0,0.0,100,0,0,0,0.0,0.0,0.0,0,0.0,0.0,0.0,0,0,0.0,0,0,0,0,0.0,0.0,0.0,0,0,0,0,0.0,0,0,0,0,0,0,0,0.0,0.0,0.0,0.0,0,0,0.0,0,0.0,0.0,0.0,0.0,0,0,0,0.0,0,0,0.0,0,0,0.0,0.0,0,0.0,0.0,0.0,0.0,0,0,0.0,0,0,0,0,0.0,0.0,0.0,0.0,0,0,0,0,0,0,0,0,0.0,0,0.0,0.0,0.0,0.0,0.0,0.0,0,0.0,0,0,0,0,0,0.0,0,0.0,0.0,0.0,0,0.0,0,0.0,0,0,0,0,0,0,0,0.0,0.0,0,0.0,0,0,0.0,0,0,0,0,0,0,0,0,0.0,0.0,0,0,0.0,100,0.0,0,0,0,0.0,0.0,0,0,0,0,0,0.0,0,0.0,0.0,0.0,0.0,20000,http://weibo.com/2442622351/Kn0gv5agD,CN,CN,"# 里 吃 喝 玩 特 价 价 我 #? - ""meng pets"" ???? 邂逅 初夏 进 进 进 进 进 进 进 进 进 进 进 进 进 进 进 进 进 进, 邂 初 初 初 进 大 的 的 大 的 的 的 的 的 的 的 物 物 物 物 物
 fun!
 ~
 #
 shijiazhuang
 [
ultra-
words
]
 together
 ##
 young people to do
 the media
 do not fly
 from
 the parent-child
 play
 #
 #
 #
 [
woman in the town
 to eat, drink
 discount tickets
 find
 my microblogging
 video
] (http://t.cn/
 a6fjpet3)???","['里', '喝', '玩', '特', '价', '价', '我', 'meng', 'pet', '邂逅', '初夏', '邂', '初', '初', '初', 'fun', 'shijiazhuang', 'ultra', 'word', 'together', 'young', 'people', 'media', 'fly', 'parent', 'child', 'play', 'woman', 'town', 'eat', 'drink', 'discount', 'ticket', 'microblogging', 'video', 'a6fjpet3']"
19,8173,"[Two Ha] is really different from the travel, and I will return to reality. I have especially hate the business trip, I specially checked Tai'an's travel Raiders, Taishan can't climb, but at least I can visit at least at night.
 Taian Old Street or North New Night Market, it is also very good, but after all, it is a bad, don't have my smell, cold face, boneless chicken feet, green bean cake, night market big roast intestine ... [tears]???",0,0.0,0,0,0.0,0.0,0,0.0,0,0,0.0,0.0,0.0,0.0,0,0,0.0,0,0,0.0,0,0.0,0,0,0,0,0.0,0.0,0.0,0,0,0,0,0.0,0,0.0,0,0.0,0,0,0,0.0,0,0,0.0,100,0.0,0,0,0,0,0.0,0,0,0.0,0,0,0.0,0,0.0,0,0,0,0.0,0.0,0.0,0.0,0,0,0,0,0,0,0,0.0,0.0,0.0,0,0,0.0,0.0,0,0,0.0,0,0,0.0,0.0,0,0,0,0,0.0,0.0,0.0,0,0,0,0.0,0,0,0,0.0,0.0,0.0,0.0,0.0,0,0.0,0,0.0,0,0,0,0,0,0.0,0,0,0,0.0,0,0,0,0.0,0.0,0,0,0,0,0,100,0,0.0,0,0.0,0,0,0.0,0,0,0,0.0,0,0,0,0,0,0.0,0.0,0,0,0.0,0.0,0.0,0.0,0,0,0,0,0,0.0,0,0,0.0,0.0,0,0,0,0,0.0,0,0.0,0.0,0,0,0.0,0,0,0.0,0,0.0,100,0,0.0,0.0,0.0,0,0,0,0,0,0.0,0,0,0,0,0.0,0.0,0.0,0.0,0,0,0,0,0,0.0,0,0,0.0,0,0,0,0,0.0,0,0.0,0.0,0.0,0,0.0,0.0,0.0,0.0,0,0,0,0,0.0,0.0,0.0,0,0.0,0.0,0.0,0,0,0.0,0,0,0,0,0.0,0.0,0.0,0,0,0,0,0.0,0,0,0,0,0,0,0,0.0,0.0,0.0,0.0,0,0,0.0,0,0.0,0.0,0.0,0.0,0,0,0,0.0,0,0,0.0,0,0,0.0,0.0,0,0.0,0.0,0.0,0.0,0,0,0.0,0,0,0,0,0.0,0.0,0.0,0.0,0,0,0,0,0,0,0,0,0.0,0,0.0,0.0,0.0,0.0,0.0,0.0,0,0.0,0,0,0,0,0,0.0,0,0.0,0.0,0.0,0,0.0,0,0.0,0,0,0,0,0,0,0,0.0,0.0,0,0.0,0,0,0.0,0,0,0,0,0,0,0,100,0.0,0.0,0,0,0.0,0,0.0,0,100,0,0.0,0.0,0,0,0,0,0,0.0,0,0.0,0.0,0.0,0.0,50000,http://weibo.com/2271871033/KfJvoyr7T,CN,CN,"[two ha] is really different from the travel, and i will return to reality. i have especially hate the business trip, i specially checked tai'an's travel raiders, taishan can't climb, but at least i can visit at least at night.
 taian old street or north new night market, it is also very good, but after all, it is a bad, don't have my smell, cold face, boneless chicken feet, green bean cake, night market big roast intestine ... [tears]???","['two', 'ha', 'different', 'travel', 'reality', 'hate', 'business', 'trip', 'specially', 'taians', 'travel', 'taishan', 'climb', 'least', 'visit', 'least', 'night', 'taian', 'old', 'street', 'north', 'new', 'night', 'market', 'good', 'bad', 'smell', 'cold', 'face', 'boneless', 'chicken', 'feet', 'green', 'bean', 'cake', 'night', 'market', 'big', 'roast', 'intestine', 'tear']"
20,8419,"Come on: Go to play a few more days, even if you are 7 ~ 10 days!
 One day, $ 10 today's exchange rate 65 yuan / 10 days before going out 48 ~ 72 hours nucleic acid, about 60 yuan left and right tickets, about 7,000 yuan to play in the middle of our live tour, 2000 yuan, then return, landing 14 days, When you eat at your own expense, about 300 days, 4,200 yuan left pair, my country's entry is also a nucleic acid, Thailand is about 700 yuan for this day, about 14,000, if there is a yell, there is a yarm on the plane",0,0.0,0,0,0.0,0.0,0,0.0,0,0,0.0,0.0,0.0,0.0,0,0,0.0,0,0,0.0,0,0.0,0,0,0,0,0.0,0.0,0.0,0,0,0,0,0.0,0,0.0,0,0.0,0,0,0,0.0,0,100,0.0,0,0.0,0,0,0,0,0.0,0,0,0.0,0,0,0.0,0,0.0,0,0,0,0.0,0.0,0.0,0.0,0,0,0,0,0,0,0,0.0,0.0,0.0,0,0,0.0,0.0,0,0,0.0,0,0,0.0,0.0,0,0,0,0,0.0,0.0,0.0,0,0,0,0.0,0,0,0,0.0,0.0,0.0,0.0,0.0,0,0.0,0,0.0,0,0,0,0,0,0.0,0,0,0,0.0,0,0,0,0.0,0.0,0,0,0,0,0,0,0,0.0,0,0.0,0,0,0.0,0,0,0,0.0,0,0,0,0,0,0.0,0.0,0,0,0.0,0.0,0.0,0.0,0,0,0,0,0,0.0,0,0,0.0,0.0,0,0,0,0,0.0,0,0.0,0.0,0,0,0.0,0,0,0.0,0,0.0,0,0,0.0,0.0,0.0,0,0,0,0,0,0.0,0,0,0,0,0.0,0.0,0.0,0.0,0,0,0,0,0,0.0,0,0,0.0,0,0,0,0,0.0,0,0.0,0.0,0.0,0,0.0,0.0,0.0,0.0,0,0,0,0,0.0,0.0,0.0,0,0.0,0.0,0.0,0,0,0.0,0,0,0,0,0.0,0.0,0.0,0,0,0,0,0.0,0,0,0,0,0,0,0,0.0,0.0,0.0,0.0,0,0,0.0,0,0.0,0.0,0.0,0.0,0,0,0,0.0,0,0,0.0,0,0,0.0,0.0,0,0.0,0.0,0.0,0.0,0,0,0.0,0,0,0,0,0.0,0.0,0.0,0.0,0,0,0,0,0,0,0,0,0.0,0,0.0,0.0,0.0,0.0,0.0,0.0,0,0.0,0,0,0,0,0,0.0,0,0.0,0.0,0.0,0,0.0,0,0.0,0,0,0,0,0,0,0,0.0,0.0,0,0.0,0,0,0.0,0,0,0,0,0,0,0,0,0.0,0.0,0,0,0.0,100,0.0,0,0,0,0.0,0.0,0,0,0,0,0,0.0,0,0.0,0.0,0.0,0.0,20000,https://www.zhihu.com/question/465347798/answer/1956651716,CN,CN,"come on: go to play a few more days, even if you are 7 ~ 10 days!
 one day, $ 10 today's exchange rate 65 yuan / 10 days before going out 48 ~ 72 hours nucleic acid, about 60 yuan left and right tickets, about 7,000 yuan to play in the middle of our live tour, 2000 yuan, then return, landing 14 days, when you eat at your own expense, about 300 days, 4,200 yuan left pair, my country's entry is also a nucleic acid, thailand is about 700 yuan for this day, about 14,000, if there is a yell, there is a yarm on the plane","['play', 'days', '7', '10', 'days', 'one', 'day', '10', 'todays', 'exchange', 'rate', '65', 'yuan', '10', 'days', '48', '72', 'hours', 'nucleic', 'acid', '60', 'yuan', 'right', 'ticket', '7000', 'yuan', 'play', 'middle', 'live', 'tour', '2000', 'yuan', 'land', '14', 'days', 'eat', 'expense', '300', 'days', '4200', 'yuan', 'pair', 'countrys', 'entry', 'nucleic', 'acid', 'thailand', '700', 'yuan', 'day', '14000', 'yell', 'yarm', 'plane']"
21,9515,"US Los Angeles 622 / 6.25 US Los Angeles returning flight cancel but recently, the US returns ticket super nervous, there are urgent matter, urgently need to return to China, but can't buy ticket Hebei Xiangba International Travel Service, Focus on the ticket 6 July United States big city direct flight -
 The transfer flight can be applied for the ticket, the date of payment, the payment can be paid to the public, the third party platform list # 美国 回国 ## 回国 机 机 ## 美国国 机 机 #???",0,0.0,0,0,0.0,0.0,0,0.0,0,0,0.0,0.0,0.0,0.0,0,0,0.0,0,0,0.0,0,0.0,0,0,0,0,0.0,0.0,0.0,0,0,0,0,0.0,0,0.0,0,0.0,0,0,0,0.0,0,0,0.0,0,0.0,0,0,0,0,0.0,0,0,0.0,0,0,0.0,0,0.0,0,0,0,0.0,0.0,0.0,0.0,0,0,0,0,0,0,0,0.0,0.0,0.0,0,0,0.0,0.0,0,0,0.0,0,0,0.0,0.0,0,0,0,0,0.0,0.0,0.0,0,0,0,0.0,0,0,0,0.0,0.0,0.0,0.0,0.0,0,0.0,0,0.0,0,0,0,0,0,0.0,0,0,0,0.0,0,0,0,0.0,0.0,0,0,0,0,0,0,0,0.0,0,0.0,0,0,0.0,0,0,0,0.0,0,0,0,0,0,0.0,0.0,0,0,0.0,0.0,0.0,0.0,0,0,0,0,0,0.0,0,0,0.0,0.0,0,0,0,0,0.0,0,0.0,0.0,0,0,0.0,0,0,0.0,0,0.0,0,0,0.0,0.0,0.0,0,0,0,0,0,0.0,0,0,0,0,0.0,0.0,0.0,0.0,0,0,0,0,0,0.0,0,0,0.0,0,0,0,0,0.0,0,0.0,0.0,0.0,0,0.0,0.0,0.0,0.0,0,0,0,0,0.0,0.0,0.0,0,0.0,0.0,0.0,0,0,0.0,0,0,0,0,0.0,0.0,0.0,0,0,0,0,0.0,0,0,0,0,0,0,0,0.0,0.0,0.0,0.0,0,0,0.0,0,0.0,0.0,0.0,0.0,0,0,0,0.0,0,0,0.0,0,0,0.0,0.0,0,0.0,0.0,0.0,0.0,0,0,0.0,0,0,0,0,0.0,0.0,0.0,0.0,0,0,0,0,0,0,0,0,0.0,0,0.0,0.0,0.0,0.0,0.0,0.0,0,0.0,0,0,0,0,0,0.0,0,0.0,0.0,0.0,0,0.0,0,0.0,0,0,0,0,0,0,0,0.0,0.0,0,0.0,0,0,0.0,0,0,0,0,100,0,0,100,0.0,0.0,0,0,0.0,100,0.0,0,0,0,0.0,0.0,0,0,0,0,0,0.0,0,0.0,0.0,0.0,0.0,30000,http://weibo.com/7485833035/KheiwFQgm,CN,CN,"us los angeles 622 / 6.25 us los angeles returning flight cancel but recently, the us returns ticket super nervous, there are urgent matter, urgently need to return to china, but can't buy ticket hebei xiangba international travel service, focus on the ticket 6 july united states big city direct flight -
 the transfer flight can be applied for the ticket, the date of payment, the payment can be paid to the public, the third party platform list # 美国 回国 ## 回国 机 机 ## 美国国 机 机 #???","['los', 'angeles', '622', '625', 'los', 'angeles', 'flight', 'cancel', 'recently', 'ticket', 'super', 'nervous', 'urgent', 'matter', 'urgently', 'china', 'buy', 'ticket', 'hebei', 'xiangba', 'international', 'travel', 'service', 'focus', 'ticket', '6', 'july', 'unite', 'state', 'big', 'city', 'direct', 'flight', 'transfer', 'flight', 'ticket', 'date', 'payment', 'payment', 'pay', 'public', 'third', 'party', 'platform', '美国', '回国', '回国', '美国国']"
22,9903,"""Fei Yue Street"" is located in front of Xiamen Takasaki Airport, because near the airport, the flight will fly from the roof at a very low angle, which has become a unique landscape in front of the temple, and the airport relocation
 I can't see # 厦 身 # ## 厦 旅行 ## 厦 旅游游 ## 厦 旅游游 # ## Photography extraordinary ## Photography ## 厦 料 ## City micro travel # 厦",0,0.0,0,0,0.0,0.0,0,0.0,0,0,0.0,0.0,0.0,0.0,0,0,0.0,0,0,0.0,0,0.0,0,0,0,0,0.0,0.0,0.0,0,0,0,0,0.0,0,0.0,0,0.0,0,0,0,0.0,0,0,0.0,0,0.0,0,0,0,0,0.0,0,0,0.0,0,0,0.0,0,0.0,0,0,0,0.0,0.0,0.0,0.0,0,0,0,0,0,0,0,0.0,0.0,0.0,0,0,0.0,0.0,0,0,0.0,0,0,0.0,0.0,0,0,0,0,0.0,0.0,0.0,0,0,0,0.0,0,0,0,0.0,0.0,0.0,0.0,0.0,0,0.0,0,0.0,0,0,0,0,0,0.0,0,0,0,0.0,0,0,0,0.0,0.0,0,0,0,0,0,0,0,0.0,0,0.0,0,0,0.0,0,0,0,0.0,0,0,0,0,0,0.0,0.0,0,0,0.0,0.0,0.0,0.0,0,0,0,0,0,0.0,0,0,0.0,0.0,0,0,0,0,0.0,0,0.0,0.0,0,0,0.0,0,0,0.0,0,0.0,0,0,0.0,0.0,0.0,0,0,0,0,0,0.0,0,0,0,0,0.0,0.0,0.0,0.0,0,0,0,0,0,0.0,0,0,0.0,0,0,0,0,0.0,0,0.0,0.0,0.0,0,0.0,0.0,0.0,0.0,0,0,0,0,0.0,0.0,0.0,0,0.0,0.0,0.0,0,0,0.0,0,0,0,0,0.0,0.0,0.0,0,0,0,0,0.0,0,0,0,0,0,0,0,0.0,0.0,0.0,0.0,0,0,0.0,0,0.0,0.0,0.0,0.0,0,0,0,0.0,0,0,0.0,0,0,0.0,0.0,0,0.0,0.0,0.0,0.0,0,0,0.0,0,0,0,0,0.0,0.0,0.0,0.0,0,0,0,0,0,0,0,0,0.0,0,0.0,0.0,0.0,0.0,0.0,0.0,0,0.0,0,0,0,0,0,0.0,0,0.0,0.0,0.0,0,0.0,0,0.0,0,0,0,0,0,0,0,0.0,0.0,0,0.0,0,0,0.0,0,0,0,0,0,0,0,0,0.0,0.0,0,0,0.0,100,0.0,0,0,0,0.0,0.0,0,0,0,0,0,0.0,0,0.0,0.0,0.0,0.0,10000,http://weibo.com/1957040453/JFSwcFtYm,CN,CN,"""fei yue street"" is located in front of xiamen takasaki airport, because near the airport, the flight will fly from the roof at a very low angle, which has become a unique landscape in front of the temple, and the airport relocation
 i can't see # 厦 身 # ## 厦 旅行 ## 厦 旅游游 ## 厦 旅游游 # ## photography extraordinary ## photography ## 厦 料 ## city micro travel # 厦","['fei', 'yue', 'street', 'locate', 'front', 'xiamen', 'takasaki', 'airport', 'near', 'airport', 'flight', 'fly', 'roof', 'low', 'angle', 'become', 'unique', 'landscape', 'front', 'temple', 'airport', 'relocation', 'see', '身', '旅行', 'photography', 'extraordinary', 'photography', '料', 'city', 'micro', 'travel']"
23,9974,"# 青海 湖 旅 略 [超 话] # 青海 旅游 旅游 略 人 失恋, you should give yourself holiday to travel, or go to the distant business trip.
 In short, leaving this city that once makes you sad, no matter what you are temporarily or forever, this sad or lost in new urban infections, it will gradually be replaced by fresh things and people.
 Qinghai Gansu Tourism Raiders ## 肃 Travel Guide ## 西西 大 环 线 # [Qinghai Tourism Chartered Carpool Podi Pan] (http: t.cn/a6fyl6ds)",0,0.0,0,0,0.0,0.0,0,0.0,0,0,0.0,0.0,0.0,0.0,0,0,0.0,0,0,0.0,0,0.0,0,0,0,0,0.0,0.0,0.0,100,0,0,0,0.0,0,0.0,0,0.0,0,0,0,0.0,0,0,0.0,0,0.0,0,0,0,0,0.0,0,0,0.0,0,0,0.0,0,0.0,0,0,0,0.0,0.0,0.0,0.0,0,0,0,0,0,0,0,0.0,0.0,0.0,0,0,0.0,0.0,0,0,0.0,0,0,0.0,0.0,0,0,0,0,0.0,0.0,0.0,0,0,0,0.0,0,0,0,0.0,0.0,0.0,0.0,0.0,0,0.0,0,0.0,0,0,0,0,0,0.0,0,0,0,0.0,0,0,0,0.0,0.0,0,0,0,0,0,0,0,0.0,0,0.0,0,0,0.0,0,0,0,0.0,0,0,0,0,0,0.0,0.0,0,0,0.0,0.0,0.0,0.0,0,0,0,0,0,0.0,0,0,0.0,0.0,0,0,0,0,0.0,0,0.0,0.0,0,100,0.0,0,0,0.0,0,0.0,0,0,0.0,0.0,0.0,0,0,0,0,0,0.0,0,0,0,0,0.0,0.0,0.0,0.0,0,0,0,0,0,0.0,0,0,0.0,0,0,0,0,0.0,0,0.0,0.0,0.0,0,0.0,0.0,0.0,0.0,0,0,0,0,0.0,0.0,0.0,0,0.0,0.0,0.0,0,0,0.0,0,0,0,0,0.0,0.0,0.0,0,0,0,0,0.0,0,0,0,0,0,0,0,0.0,0.0,0.0,0.0,0,0,0.0,0,0.0,0.0,0.0,0.0,0,0,0,0.0,0,0,0.0,0,0,0.0,0.0,0,0.0,0.0,0.0,0.0,0,0,0.0,0,0,0,0,0.0,0.0,0.0,0.0,0,0,0,0,0,0,0,0,0.0,0,0.0,0.0,0.0,0.0,0.0,0.0,0,0.0,0,0,0,0,0,0.0,0,0.0,0.0,0.0,0,0.0,0,0.0,0,0,0,0,0,0,0,0.0,0.0,0,0.0,0,0,0.0,0,0,0,0,0,0,0,0,0.0,0.0,0,0,0.0,0,0.0,0,100,0,0.0,0.0,0,0,0,0,0,0.0,0,0.0,0.0,0.0,0.0,30000,http://weibo.com/6033311651/Kp7zxuWOS,CN,CN,"# 青海 湖 旅 略 [超 话] # 青海 旅游 旅游 略 人 失恋, you should give yourself holiday to travel, or go to the distant business trip.
 in short, leaving this city that once makes you sad, no matter what you are temporarily or forever, this sad or lost in new urban infections, it will gradually be replaced by fresh things and people.
 qinghai gansu tourism raiders ## 肃 travel guide ## 西西 大 环 线 # [qinghai tourism chartered carpool podi pan] (http: t.cn/a6fyl6ds)","['湖', '失恋', 'holiday', 'travel', 'distant', 'business', 'trip', 'short', 'city', 'sad', 'matter', 'temporarily', 'forever', 'sad', 'lose', 'new', 'urban', 'infections', 'gradually', 'replace', 'fresh', 'people', 'qinghai', 'gansu', 'tourism', '肃', 'travel', 'guide', '西西', 'qinghai', 'tourism', 'charter', 'carpool', 'podi', 'pan', 'a6fyl6ds']"
24,10175,"# 旅 # ## Thailand Travel ## 2021 Outbound Tour # [April 1 Thailand Open Entry?
 】 The news is getting better and better, and the process is getting more smooth, but it seems to be too optimistic about the free entry of Thailand.
 First, the flight has not been fully recovered, the ticket price is high, and the second is that the immigration isolation of the two countries must also be canceled. Of course, tourists must also inoculate the vaccination.
 These two issues solved, that is really fast.
 ???????????????????????????????????????????????????????????????????????????????????????????????????????????????????????????????????????????????????????????????????????????????????????????????????????????????????????????????????????????????????????????????????????????????????????????????????????????",0,0.0,0,0,0.0,0.0,0,0.0,0,0,0.0,0.0,0.0,0.0,0,0,0.0,0,0,0.0,0,0.0,0,0,0,0,0.0,0.0,0.0,0,0,0,0,0.0,0,0.0,0,0.0,0,0,0,0.0,0,0,0.0,0,0.0,0,0,0,0,0.0,0,0,0.0,0,0,0.0,0,0.0,0,0,0,0.0,0.0,0.0,0.0,0,0,0,0,0,0,0,0.0,0.0,0.0,0,0,0.0,0.0,0,0,0.0,0,0,0.0,0.0,0,0,0,0,0.0,0.0,0.0,0,0,0,0.0,0,0,0,0.0,0.0,0.0,0.0,0.0,0,0.0,0,0.0,0,0,0,0,0,0.0,0,0,0,0.0,0,0,0,0.0,0.0,0,0,0,0,0,0,0,0.0,0,0.0,0,0,0.0,0,0,0,0.0,0,0,0,0,0,0.0,0.0,0,0,0.0,0.0,0.0,0.0,0,0,0,0,0,0.0,0,0,0.0,0.0,0,0,0,0,0.0,0,0.0,0.0,0,0,0.0,0,0,0.0,0,0.0,0,0,0.0,0.0,0.0,0,0,0,0,0,0.0,100,0,0,0,0.0,0.0,0.0,0.0,0,0,0,0,0,0.0,100,0,0.0,0,0,0,0,0.0,0,0.0,0.0,0.0,0,0.0,0.0,0.0,0.0,0,0,0,0,0.0,0.0,0.0,0,0.0,0.0,0.0,0,0,0.0,0,0,0,0,0.0,0.0,0.0,0,0,0,0,0.0,0,0,0,0,0,0,0,0.0,0.0,0.0,0.0,0,0,0.0,0,0.0,0.0,0.0,0.0,0,0,0,0.0,0,0,0.0,0,0,0.0,0.0,0,0.0,0.0,0.0,0.0,0,0,0.0,0,0,0,0,0.0,0.0,0.0,0.0,0,0,0,0,0,0,0,0,0.0,0,0.0,0.0,0.0,0.0,0.0,0.0,0,0.0,0,0,0,0,0,0.0,0,0.0,0.0,0.0,0,0.0,0,0.0,0,0,0,0,0,0,0,0.0,0.0,0,0.0,0,0,0.0,0,0,0,0,100,0,0,0,0.0,0.0,0,0,0.0,100,0.0,0,0,0,0.0,0.0,0,0,0,0,0,0.0,0,0.0,0.0,0.0,0.0,40000,http://weibo.com/2166860040/K67pi31jy,CN,CN,"# 旅 # ## thailand travel ## 2021 outbound tour # [april 1 thailand open entry?
 】 the news is getting better and better, and the process is getting more smooth, but it seems to be too optimistic about the free entry of thailand.
 first, the flight has not been fully recovered, the ticket price is high, and the second is that the immigration isolation of the two countries must also be canceled. of course, tourists must also inoculate the vaccination.
 these two issues solved, that is really fast.
 ???????????????????????????????????????????????????????????????????????????????????????????????????????????????????????????????????????????????????????????????????????????????????????????????????????????????????????????????????????????????????????????????????????????????????????????????????????????","['thailand', 'travel', 'outbound', 'tour', 'april', '1', 'thailand', 'open', 'entry', '】', 'news', 'process', 'smooth', 'optimistic', 'free', 'entry', 'thailand', 'flight', 'fully', 'recover', 'ticket', 'price', 'high', 'second', 'immigration', 'isolation', 'two', 'countries', 'must', 'cancel', 'course', 'tourists', 'must', 'inoculate', 'vaccination', 'two', 'solve', 'fast']"
25,10182,"1-line: Qinghai Lake Day Tour; 2nd Road: Tur Temple, Campla Day Tour; 3Teir: Qinghai Lake Tea Kazi Lake Two-Day Tour; 4th Link: Qinghai Lake, Tea Card, Qilian, Door Source Small
 Three-day tour [shy] 5 line: Qinghai Lake, Tea Kazi Lake, Zhangye Color Danxia four-day tour? 6-line: Qinghai Lake, Dunhuang Big ring line 6 ~ 7 day travel car or business car, 4-6 people
 The small team AA system, set up the northwest together [Like] [Like] [Like] ... - Qinghai Lake Travel Ponyburway team # 青海 旅游游 # ## 青甘 大 环 线 ## 青海 旅游 [超
 talk]#",100,0.0,0,0,0.0,0.0,0,0.0,0,0,0.0,0.0,0.0,0.0,0,0,0.0,0,0,0.0,0,0.0,0,0,0,0,0.0,0.0,0.0,100,0,0,0,0.0,0,0.0,0,0.0,0,0,0,0.0,0,0,0.0,0,0.0,0,0,0,0,0.0,0,0,0.0,0,0,0.0,0,0.0,0,0,0,0.0,0.0,0.0,0.0,0,0,0,0,0,0,0,0.0,0.0,0.0,0,0,0.0,0.0,0,0,0.0,0,0,0.0,0.0,0,0,0,0,0.0,0.0,0.0,0,0,0,0.0,0,0,0,0.0,0.0,0.0,0.0,0.0,0,0.0,0,0.0,0,0,0,0,0,0.0,0,0,0,0.0,0,0,0,0.0,0.0,0,0,0,0,0,0,0,0.0,0,0.0,0,0,0.0,0,0,0,0.0,0,0,0,0,0,0.0,0.0,0,0,0.0,0.0,0.0,0.0,0,0,0,0,0,0.0,0,0,0.0,0.0,0,0,0,0,0.0,0,0.0,0.0,0,0,0.0,0,0,0.0,0,0.0,0,0,0.0,0.0,0.0,0,0,0,0,0,0.0,0,0,0,0,0.0,0.0,0.0,0.0,0,0,0,0,0,0.0,0,0,0.0,0,0,0,0,0.0,0,0.0,0.0,0.0,0,0.0,0.0,0.0,0.0,0,0,0,0,0.0,0.0,0.0,0,0.0,0.0,0.0,0,0,0.0,0,0,0,0,0.0,0.0,0.0,0,0,0,0,0.0,0,0,0,0,0,0,0,0.0,0.0,0.0,0.0,0,0,0.0,0,0.0,0.0,0.0,0.0,0,0,0,0.0,0,0,0.0,0,0,0.0,0.0,0,0.0,0.0,0.0,0.0,0,0,0.0,0,0,0,0,0.0,0.0,0.0,0.0,0,0,0,0,0,0,0,0,0.0,0,0.0,0.0,0.0,0.0,0.0,0.0,0,0.0,0,0,0,0,0,0.0,0,0.0,0.0,0.0,0,0.0,0,0.0,0,0,0,0,0,0,0,0.0,0.0,0,0.0,0,0,0.0,0,0,0,0,0,0,0,0,0.0,0.0,0,0,0.0,0,0.0,0,100,0,0.0,0.0,0,0,0,0,0,0.0,0,0.0,0.0,0.0,0.0,30000,http://weibo.com/6079379075/KiJKT6zgc,CN,CN,"1-line: qinghai lake day tour; 2nd road: tur temple, campla day tour; 3teir: qinghai lake tea kazi lake two-day tour; 4th link: qinghai lake, tea card, qilian, door source small
 three-day tour [shy] 5 line: qinghai lake, tea kazi lake, zhangye color danxia four-day tour? 6-line: qinghai lake, dunhuang big ring line 6 ~ 7 day travel car or business car, 4-6 people
 the small team aa system, set up the northwest together [like] [like] [like] ... - qinghai lake travel ponyburway team # 青海 旅游游 # ## 青甘 大 环 线 ## 青海 旅游 [超
 talk]#","['1', 'line', 'qinghai', 'lake', 'day', 'tour', '2nd', 'road', 'tur', 'temple', 'campla', 'day', 'tour', '3teir', 'qinghai', 'lake', 'tea', 'kazi', 'lake', 'two', 'day', 'tour', '4th', 'link', 'qinghai', 'lake', 'tea', 'card', 'qilian', 'door', 'source', 'small', 'three', 'day', 'tour', 'shy', '5', 'line', 'qinghai', 'lake', 'tea', 'kazi', 'lake', 'zhangye', 'color', 'danxia', 'four', 'day', 'tour', '6', 'line', 'qinghai', 'lake', 'dunhuang', 'big', 'ring', 'line', '6', '7', 'day', 'travel', 'car', 'business', 'car', '4', '6', 'people', 'small', 'team', 'aa', 'system', 'set', 'northwest', 'together', 'qinghai', 'lake', 'travel', 'ponyburway', 'team', '青甘', 'talk']"
26,10872,"When the Qinghai Tourism Raiders love, you should give yourself a holiday to travel, or go to the distant business trip.
 In short, leaving this city that once makes you sad, no matter what you are temporarily or forever, this sad or lost in new urban infections, it will gradually be replaced by fresh things and people.
 Qinghai Travel Raiders #? # 青海 旅行 ## 西西 大 大 线 #? # 毕 旅 # # [西宁] (http: t.cn/r2wxdzr)",0,0.0,0,0,0.0,0.0,0,0.0,0,0,0.0,0.0,0.0,0.0,0,0,0.0,0,0,0.0,0,0.0,0,0,0,0,0.0,0.0,0.0,100,0,0,0,0.0,0,0.0,0,0.0,0,0,0,0.0,0,0,0.0,0,0.0,0,0,0,0,0.0,0,0,0.0,0,0,0.0,0,0.0,0,0,0,0.0,0.0,0.0,0.0,0,0,0,0,0,0,0,0.0,0.0,0.0,0,0,0.0,0.0,0,0,0.0,0,0,0.0,0.0,0,0,0,0,0.0,0.0,0.0,0,0,0,0.0,0,0,0,0.0,0.0,0.0,0.0,0.0,0,0.0,0,0.0,0,0,0,0,0,0.0,0,0,0,0.0,0,0,0,0.0,0.0,0,0,0,0,0,0,0,0.0,0,0.0,0,0,0.0,0,0,0,0.0,0,0,0,0,0,0.0,0.0,0,0,0.0,0.0,0.0,0.0,0,0,0,0,0,0.0,0,0,0.0,0.0,0,0,0,0,0.0,0,0.0,0.0,0,100,0.0,0,0,0.0,0,0.0,0,0,0.0,0.0,0.0,0,0,0,0,0,0.0,0,0,0,0,0.0,0.0,0.0,0.0,0,0,0,0,0,0.0,0,0,0.0,0,0,0,0,0.0,0,0.0,0.0,0.0,0,0.0,0.0,0.0,0.0,0,0,0,0,0.0,0.0,0.0,0,0.0,0.0,0.0,0,0,0.0,0,0,0,0,0.0,0.0,0.0,0,0,0,0,0.0,0,0,0,0,0,0,0,0.0,0.0,0.0,0.0,0,0,0.0,0,0.0,0.0,0.0,0.0,0,0,0,0.0,0,0,0.0,0,0,0.0,0.0,0,0.0,0.0,0.0,0.0,0,0,0.0,0,0,0,0,0.0,0.0,0.0,0.0,0,0,0,0,0,0,0,0,0.0,0,0.0,0.0,0.0,0.0,0.0,0.0,0,0.0,0,0,0,0,0,0.0,0,0.0,0.0,0.0,0,0.0,0,0.0,0,0,0,0,0,0,0,0.0,0.0,0,0.0,0,0,0.0,0,0,0,0,100,0,0,100,0.0,0.0,0,0,0.0,0,0.0,0,100,0,0.0,0.0,0,0,0,0,0,0.0,0,0.0,0.0,0.0,0.0,50000,http://weibo.com/6292156039/KoIkPqERx,CN,CN,"when the qinghai tourism raiders love, you should give yourself a holiday to travel, or go to the distant business trip.
 in short, leaving this city that once makes you sad, no matter what you are temporarily or forever, this sad or lost in new urban infections, it will gradually be replaced by fresh things and people.
 qinghai travel raiders #? # 青海 旅行 ## 西西 大 大 线 #? # 毕 旅 # # [西宁] (http: t.cn/r2wxdzr)","['qinghai', 'tourism', 'holiday', 'travel', 'distant', 'business', 'trip', 'short', 'city', 'sad', 'matter', 'temporarily', 'forever', 'sad', 'lose', 'new', 'urban', 'infections', 'gradually', 'replace', 'fresh', 'people', 'qinghai', 'travel', '旅行', '西西', '毕', '西宁', 'r2wxdzr']"
27,11578,"China version ""International Travel Health Proven"" is online!
 According to the statement at the China CDC, Sino-US travel restrictions are expected to be released in January, September.
 Once the Chinese and American mutual travel, business travel activities in all countries will be very fast, immigrated, study abroad, investment, multinational home, are you ready?
 ?",0,0.0,0,0,0.0,0.0,0,0.0,0,0,0.0,0.0,0.0,0.0,0,0,0.0,0,0,0.0,0,0.0,0,0,0,0,0.0,0.0,0.0,200,0,0,0,0.0,0,0.0,0,0.0,0,0,0,0.0,0,0,0.0,0,0.0,0,0,0,0,0.0,0,0,0.0,0,0,0.0,0,0.0,0,0,0,0.0,0.0,0.0,0.0,0,0,0,0,0,0,0,0.0,0.0,0.0,0,0,0.0,0.0,0,0,0.0,0,0,0.0,0.0,0,0,0,0,0.0,0.0,0.0,0,0,0,0.0,0,0,0,0.0,0.0,0.0,0.0,0.0,0,0.0,0,0.0,0,0,0,0,0,0.0,0,0,0,0.0,0,0,0,0.0,0.0,0,0,0,0,0,0,0,0.0,0,0.0,0,0,0.0,0,0,0,0.0,0,0,0,0,0,0.0,0.0,0,0,0.0,0.0,0.0,0.0,0,0,0,0,0,0.0,0,0,0.0,0.0,0,0,0,0,0.0,0,0.0,0.0,0,0,0.0,0,0,0.0,0,0.0,0,0,0.0,0.0,0.0,0,0,0,0,0,0.0,0,0,0,0,0.0,0.0,0.0,0.0,0,0,0,0,0,0.0,0,0,0.0,0,0,0,0,0.0,0,0.0,0.0,0.0,0,0.0,0.0,0.0,0.0,0,0,0,0,0.0,0.0,0.0,0,0.0,0.0,0.0,0,0,0.0,0,0,0,0,0.0,0.0,0.0,0,0,0,0,0.0,0,0,0,0,0,0,0,0.0,0.0,0.0,0.0,0,0,0.0,0,0.0,0.0,0.0,0.0,0,0,0,0.0,0,0,0.0,0,0,0.0,0.0,0,0.0,0.0,0.0,0.0,0,0,0.0,0,0,0,0,0.0,0.0,0.0,0.0,0,0,0,0,0,0,0,0,0.0,0,0.0,0.0,0.0,0.0,0.0,0.0,0,0.0,0,0,0,0,0,0.0,0,0.0,0.0,0.0,0,0.0,0,0.0,0,0,0,0,0,0,0,0.0,0.0,0,0.0,0,0,0.0,0,0,0,0,50,0,0,50,0.0,0.0,0,0,0.0,0,0.0,0,50,0,0.0,0.0,0,0,0,0,0,0.0,0,0.0,0.0,0.0,0.0,27500,http://weibo.com/5694899500/K9nNniuit,CN,CN,"china version ""international travel health proven"" is online!
 according to the statement at the china cdc, sino-us travel restrictions are expected to be released in january, september.
 once the chinese and american mutual travel, business travel activities in all countries will be very fast, immigrated, study abroad, investment, multinational home, are you ready?
 ?","['china', 'version', 'international', 'travel', 'health', 'prove', 'online', 'accord', 'statement', 'china', 'cdc', 'sino', 'travel', 'restrictions', 'expect', 'release', 'january', 'september', 'chinese', 'american', 'mutual', 'travel', 'business', 'travel', 'activities', 'countries', 'fast', 'immigrate', 'study', 'abroad', 'investment', 'multinational', 'home', 'ready']"
